[{"region":"Badakhshan","country":"af"},{"region":"Badghis","country":"af"},{"region":"Baghlan","country":"af"},{"region":"Balkh","country":"af"},{"region":"Bamian","country":"af"},{"region":"Daykondi","country":"af"},{"region":"Farah","country":"af"},{"region":"Faryab","country":"af"},{"region":"Ghazni","country":"af"},{"region":"Ghowr","country":"af"},{"region":"Helmand","country":"af"},{"region":"Herat","country":"af"},{"region":"Jowzjan","country":"af"},{"region":"Kabol","country":"af"},{"region":"Kandahar","country":"af"},{"region":"Kapisa","country":"af"},{"region":"Khowst","country":"af"},{"region":"Konar","country":"af"},{"region":"Kondoz","country":"af"},{"region":"Laghman","country":"af"},{"region":"Lowgar","country":"af"},{"region":"Nangarhar","country":"af"},{"region":"Nimruz","country":"af"},{"region":"Nurestan","country":"af"},{"region":"Oruzgan","country":"af"},{"region":"Paktia","country":"af"},{"region":"Paktika","country":"af"},{"region":"Panjshir","country":"af"},{"region":"Samangan","country":"af"},{"region":"Sar-e Pol","country":"af"},{"region":"Takhar","country":"af"},{"region":"Vardak","country":"af"},{"region":"Zabol","country":"af"}]