[{"region":"Bengo","country":"ao"},{"region":"Benguela","country":"ao"},{"region":"Bie","country":"ao"},{"region":"Cabinda","country":"ao"},{"region":"Cuando Cubango","country":"ao"},{"region":"Cuanza Norte","country":"ao"},{"region":"Cuanza Sul","country":"ao"},{"region":"Cunene","country":"ao"},{"region":"Huambo","country":"ao"},{"region":"Huila","country":"ao"},{"region":"Lunda Norte","country":"ao"},{"region":"Lunda Sul","country":"ao"},{"region":"Malanje","country":"ao"},{"region":"Moxico","country":"ao"},{"region":"Namibe","country":"ao"},{"region":"Uige","country":"ao"},{"region":"Zaire","country":"ao"}]