[{"region":"Buenos Aires","country":"ar"},{"region":"Catamarca","country":"ar"},{"region":"Chaco","country":"ar"},{"region":"Chubut","country":"ar"},{"region":"Cordoba","country":"ar"},{"region":"Corrientes","country":"ar"},{"region":"Distrito Federal","country":"ar"},{"region":"Entre Rios","country":"ar"},{"region":"Formosa","country":"ar"},{"region":"Jujuy","country":"ar"},{"region":"La Pampa","country":"ar"},{"region":"La Rioja","country":"ar"},{"region":"Mendoza","country":"ar"},{"region":"Misiones","country":"ar"},{"region":"Neuquen","country":"ar"},{"region":"Rio Negro","country":"ar"},{"region":"Salta","country":"ar"},{"region":"San Juan","country":"ar"},{"region":"San Luis","country":"ar"},{"region":"Santa Cruz","country":"ar"},{"region":"Santa Fe","country":"ar"},{"region":"Santiago del Estero","country":"ar"},{"region":"Tierra del Fuego","country":"ar"},{"region":"Tucuman","country":"ar"}]