[{"region":"Abseron","country":"az"},{"region":"Agcabadi","country":"az"},{"region":"Agdam","country":"az"},{"region":"Agdas","country":"az"},{"region":"Agstafa","country":"az"},{"region":"Agsu","country":"az"},{"region":"Ali Bayramli","country":"az"},{"region":"Astara","country":"az"},{"region":"Baki","country":"az"},{"region":"Balakan","country":"az"},{"region":"Barda","country":"az"},{"region":"Beylaqan","country":"az"},{"region":"Bilasuvar","country":"az"},{"region":"Cabrayil","country":"az"},{"region":"Calilabad","country":"az"},{"region":"Daskasan","country":"az"},{"region":"Davaci","country":"az"},{"region":"Fuzuli","country":"az"},{"region":"Gadabay","country":"az"},{"region":"Ganca","country":"az"},{"region":"Goranboy","country":"az"},{"region":"Goycay","country":"az"},{"region":"Haciqabul","country":"az"},{"region":"Imisli","country":"az"},{"region":"Ismayilli","country":"az"},{"region":"Kalbacar","country":"az"},{"region":"Kurdamir","country":"az"},{"region":"Lacin","country":"az"},{"region":"Lankaran","country":"az"},{"region":"Lerik","country":"az"},{"region":"Masalli","country":"az"},{"region":"Mingacevir","country":"az"},{"region":"Naftalan","country":"az"},{"region":"Naxcivan","country":"az"},{"region":"Neftcala","country":"az"},{"region":"Oguz","country":"az"},{"region":"Qabala","country":"az"},{"region":"Qax","country":"az"},{"region":"Qazax","country":"az"},{"region":"Qobustan","country":"az"},{"region":"Quba","country":"az"},{"region":"Qubadli","country":"az"},{"region":"Qusar","country":"az"},{"region":"Saatli","country":"az"},{"region":"Sabirabad","country":"az"},{"region":"Saki","country":"az"},{"region":"Salyan","country":"az"},{"region":"Samaxi","country":"az"},{"region":"Samkir","country":"az"},{"region":"Samux","country":"az"},{"region":"Siyazan","country":"az"},{"region":"Sumqayit","country":"az"},{"region":"Susa","country":"az"},{"region":"Tartar","country":"az"},{"region":"Tovuz","country":"az"},{"region":"Ucar","country":"az"},{"region":"Xacmaz","country":"az"},{"region":"Xankandi","country":"az"},{"region":"Xanlar","country":"az"},{"region":"Xizi","country":"az"},{"region":"Xocali","country":"az"},{"region":"Xocavand","country":"az"},{"region":"Yardimli","country":"az"},{"region":"Yevlax","country":"az"},{"region":"Zangilan","country":"az"},{"region":"Zaqatala","country":"az"},{"region":"Zardab","country":"az"}]