[{"region":"Bale","country":"bf"},{"region":"Bam","country":"bf"},{"region":"Banwa","country":"bf"},{"region":"Bazega","country":"bf"},{"region":"Bougouriba","country":"bf"},{"region":"Boulgou","country":"bf"},{"region":"Boulkiemde","country":"bf"},{"region":"Ganzourgou","country":"bf"},{"region":"Gnagna","country":"bf"},{"region":"Gourma","country":"bf"},{"region":"Houet","country":"bf"},{"region":"Ioba","country":"bf"},{"region":"Kadiogo","country":"bf"},{"region":"Kenedougou","country":"bf"},{"region":"Komoe","country":"bf"},{"region":"Komondjari","country":"bf"},{"region":"Kompienga","country":"bf"},{"region":"Kossi","country":"bf"},{"region":"Koulpelogo","country":"bf"},{"region":"Kouritenga","country":"bf"},{"region":"Kourweogo","country":"bf"},{"region":"Leraba","country":"bf"},{"region":"Loroum","country":"bf"},{"region":"Mouhoun","country":"bf"},{"region":"Namentenga","country":"bf"},{"region":"Naouri","country":"bf"},{"region":"Nayala","country":"bf"},{"region":"Noumbiel","country":"bf"},{"region":"Oubritenga","country":"bf"},{"region":"Oudalan","country":"bf"},{"region":"Passore","country":"bf"},{"region":"Poni","country":"bf"},{"region":"Sanguie","country":"bf"},{"region":"Sanmatenga","country":"bf"},{"region":"Seno","country":"bf"},{"region":"Sissili","country":"bf"},{"region":"Soum","country":"bf"},{"region":"Sourou","country":"bf"},{"region":"Tapoa","country":"bf"},{"region":"Tuy","country":"bf"},{"region":"Yagha","country":"bf"},{"region":"Yatenga","country":"bf"},{"region":"Ziro","country":"bf"},{"region":"Zondoma","country":"bf"},{"region":"Zoundweogo","country":"bf"}]