[{"region":"Blagoevgrad","country":"bg"},{"region":"Burgas","country":"bg"},{"region":"Dobrich","country":"bg"},{"region":"Gabrovo","country":"bg"},{"region":"Grad Sofiya","country":"bg"},{"region":"Khaskovo","country":"bg"},{"region":"Kurdzhali","country":"bg"},{"region":"Kyustendil","country":"bg"},{"region":"Lovech","country":"bg"},{"region":"Mikhaylovgrad","country":"bg"},{"region":"Montana","country":"bg"},{"region":"Pazardzhik","country":"bg"},{"region":"Pernik","country":"bg"},{"region":"Pleven","country":"bg"},{"region":"Plovdiv","country":"bg"},{"region":"Razgrad","country":"bg"},{"region":"Ruse","country":"bg"},{"region":"Shumen","country":"bg"},{"region":"Silistra","country":"bg"},{"region":"Sliven","country":"bg"},{"region":"Smolyan","country":"bg"},{"region":"Sofiya","country":"bg"},{"region":"Stara Zagora","country":"bg"},{"region":"Turgovishte","country":"bg"},{"region":"Varna","country":"bg"},{"region":"Veliko Turnovo","country":"bg"},{"region":"Vidin","country":"bg"},{"region":"Vratsa","country":"bg"},{"region":"Yambol","country":"bg"}]