[{"region":"Bubanza","country":"bi"},{"region":"Bujumbura","country":"bi"},{"region":"Bururi","country":"bi"},{"region":"Cankuzo","country":"bi"},{"region":"Cibitoke","country":"bi"},{"region":"Gitega","country":"bi"},{"region":"Karuzi","country":"bi"},{"region":"Kayanza","country":"bi"},{"region":"Kirundo","country":"bi"},{"region":"Makamba","country":"bi"},{"region":"Muyinga","country":"bi"},{"region":"Ngozi","country":"bi"},{"region":"Rutana","country":"bi"},{"region":"Ruyigi","country":"bi"}]