[{"region":"Acre","country":"br"},{"region":"Alagoas","country":"br"},{"region":"Amapa","country":"br"},{"region":"Amazonas","country":"br"},{"region":"Bahia","country":"br"},{"region":"Ceara","country":"br"},{"region":"Distrito Federal","country":"br"},{"region":"Espirito Santo","country":"br"},{"region":"Goias","country":"br"},{"region":"Maranhao","country":"br"},{"region":"Mato Grosso","country":"br"},{"region":"Mato Grosso do Sul","country":"br"},{"region":"Minas Gerais","country":"br"},{"region":"Para","country":"br"},{"region":"Paraiba","country":"br"},{"region":"Parana","country":"br"},{"region":"Pernambuco","country":"br"},{"region":"Piaui","country":"br"},{"region":"Rio de Janeiro","country":"br"},{"region":"Rio Grande do Norte","country":"br"},{"region":"Rio Grande do Sul","country":"br"},{"region":"Rondonia","country":"br"},{"region":"Roraima","country":"br"},{"region":"Santa Catarina","country":"br"},{"region":"Sao Paulo","country":"br"},{"region":"Sergipe","country":"br"},{"region":"Tocantins","country":"br"}]