[{"region":"Acklins and Crooked Islands","country":"bs"},{"region":"Bimini","country":"bs"},{"region":"Cat Island","country":"bs"},{"region":"Exuma","country":"bs"},{"region":"Freeport","country":"bs"},{"region":"Fresh Creek","country":"bs"},{"region":"Governor\u0027s Harbour","country":"bs"},{"region":"Green Turtle Cay","country":"bs"},{"region":"Harbour Island","country":"bs"},{"region":"High Rock","country":"bs"},{"region":"Inagua","country":"bs"},{"region":"Kemps Bay","country":"bs"},{"region":"Long Island","country":"bs"},{"region":"Marsh Harbour","country":"bs"},{"region":"Mayaguana","country":"bs"},{"region":"New Providence","country":"bs"},{"region":"Nichollstown and Berry Islands","country":"bs"},{"region":"Ragged Island","country":"bs"},{"region":"Rock Sound","country":"bs"},{"region":"San Salvador and Rum Cay","country":"bs"},{"region":"Sandy Point","country":"bs"}]