[{"region":"Bumthang","country":"bt"},{"region":"Chhukha","country":"bt"},{"region":"Chirang","country":"bt"},{"region":"Daga","country":"bt"},{"region":"Geylegphug","country":"bt"},{"region":"Ha","country":"bt"},{"region":"Lhuntshi","country":"bt"},{"region":"Mongar","country":"bt"},{"region":"Paro","country":"bt"},{"region":"Pemagatsel","country":"bt"},{"region":"Punakha","country":"bt"},{"region":"Samchi","country":"bt"},{"region":"Samdrup","country":"bt"},{"region":"Shemgang","country":"bt"},{"region":"Tashigang","country":"bt"},{"region":"Thimphu","country":"bt"},{"region":"Tongsa","country":"bt"},{"region":"Wangdi Phodrang","country":"bt"}]