[{"region":"Bamingui-Bangoran","country":"cf"},{"region":"Bangui","country":"cf"},{"region":"Basse-Kotto","country":"cf"},{"region":"Cuvette-Ouest","country":"cf"},{"region":"Haut-Mbomou","country":"cf"},{"region":"Haute-Kotto","country":"cf"},{"region":"Kemo","country":"cf"},{"region":"Lobaye","country":"cf"},{"region":"Mambere-Kadei","country":"cf"},{"region":"Mbomou","country":"cf"},{"region":"Nana-Grebizi","country":"cf"},{"region":"Nana-Mambere","country":"cf"},{"region":"Ombella-Mpoko","country":"cf"},{"region":"Ouaka","country":"cf"},{"region":"Ouham","country":"cf"},{"region":"Ouham-Pende","country":"cf"},{"region":"Sangha-Mbaere","country":"cf"}]