[{"region":"Aargau","country":"ch"},{"region":"Ausser-Rhoden","country":"ch"},{"region":"Basel-Landschaft","country":"ch"},{"region":"Basel-Stadt","country":"ch"},{"region":"Bern","country":"ch"},{"region":"Fribourg","country":"ch"},{"region":"Geneve","country":"ch"},{"region":"Glarus","country":"ch"},{"region":"Graubunden","country":"ch"},{"region":"Inner-Rhoden","country":"ch"},{"region":"Jura","country":"ch"},{"region":"Luzern","country":"ch"},{"region":"Neuchatel","country":"ch"},{"region":"Nidwalden","country":"ch"},{"region":"Obwalden","country":"ch"},{"region":"Sankt Gallen","country":"ch"},{"region":"Schaffhausen","country":"ch"},{"region":"Schwyz","country":"ch"},{"region":"Solothurn","country":"ch"},{"region":"Thurgau","country":"ch"},{"region":"Ticino","country":"ch"},{"region":"Uri","country":"ch"},{"region":"Valais","country":"ch"},{"region":"Vaud","country":"ch"},{"region":"Zug","country":"ch"},{"region":"Zurich","country":"ch"}]