[{"region":"Agneby","country":"ci"},{"region":"Bafing","country":"ci"},{"region":"Bas-Sassandra","country":"ci"},{"region":"Denguele","country":"ci"},{"region":"Dix-Huit Montagnes","country":"ci"},{"region":"Fromager","country":"ci"},{"region":"Haut-Sassandra","country":"ci"},{"region":"Lacs","country":"ci"},{"region":"Lagunes","country":"ci"},{"region":"Marahoue","country":"ci"},{"region":"Moyen-Cavally","country":"ci"},{"region":"Moyen-Comoe","country":"ci"},{"region":"N\u0027zi-Comoe","country":"ci"},{"region":"Savanes","country":"ci"},{"region":"Sud-Bandama","country":"ci"},{"region":"Sud-Comoe","country":"ci"},{"region":"Vallee du Bandama","country":"ci"},{"region":"Worodougou","country":"ci"},{"region":"Zanzan","country":"ci"}]