[{"region":"Aisen del General Carlos Ibanez del Campo","country":"cl"},{"region":"Antofagasta","country":"cl"},{"region":"Araucania","country":"cl"},{"region":"Atacama","country":"cl"},{"region":"Bio-Bio","country":"cl"},{"region":"Coquimbo","country":"cl"},{"region":"Libertador General Bernardo O\u0027Higgins","country":"cl"},{"region":"Los Lagos","country":"cl"},{"region":"Magallanes y de la Antartica Chilena","country":"cl"},{"region":"Maule","country":"cl"},{"region":"Region Metropolitana","country":"cl"},{"region":"Tarapaca","country":"cl"},{"region":"Valparaiso","country":"cl"}]