[{"region":"Anhui","country":"cn"},{"region":"Beijing","country":"cn"},{"region":"Chongqing","country":"cn"},{"region":"Fujian","country":"cn"},{"region":"Gansu","country":"cn"},{"region":"Guangdong","country":"cn"},{"region":"Guangxi","country":"cn"},{"region":"Guizhou","country":"cn"},{"region":"Hainan","country":"cn"},{"region":"Hebei","country":"cn"},{"region":"Heilongjiang","country":"cn"},{"region":"Henan","country":"cn"},{"region":"Hubei","country":"cn"},{"region":"Hunan","country":"cn"},{"region":"Jiangsu","country":"cn"},{"region":"Jiangxi","country":"cn"},{"region":"Jilin","country":"cn"},{"region":"Liaoning","country":"cn"},{"region":"Nei Mongol","country":"cn"},{"region":"Ningxia","country":"cn"},{"region":"Qinghai","country":"cn"},{"region":"Shaanxi","country":"cn"},{"region":"Shandong","country":"cn"},{"region":"Shanghai","country":"cn"},{"region":"Shanxi","country":"cn"},{"region":"Sichuan","country":"cn"},{"region":"Tianjin","country":"cn"},{"region":"Xinjiang","country":"cn"},{"region":"Xizang","country":"cn"},{"region":"Yunnan","country":"cn"},{"region":"Zhejiang","country":"cn"}]