[{"region":"Amazonas","country":"co"},{"region":"Antioquia","country":"co"},{"region":"Arauca","country":"co"},{"region":"Atlantico","country":"co"},{"region":"Caqueta","country":"co"},{"region":"Casanare","country":"co"},{"region":"Cauca","country":"co"},{"region":"Cesar","country":"co"},{"region":"Choco","country":"co"},{"region":"Cordoba","country":"co"},{"region":"Cundinamarca","country":"co"},{"region":"Distrito Especial","country":"co"},{"region":"Guainia","country":"co"},{"region":"Guaviare","country":"co"},{"region":"Huila","country":"co"},{"region":"La Guajira","country":"co"},{"region":"Meta","country":"co"},{"region":"Narino","country":"co"},{"region":"Norte de Santander","country":"co"},{"region":"Putumayo","country":"co"},{"region":"Quindio","country":"co"},{"region":"Risaralda","country":"co"},{"region":"San Andres y Providencia","country":"co"},{"region":"Santander","country":"co"},{"region":"Sucre","country":"co"},{"region":"Tolima","country":"co"},{"region":"Valle del Cauca","country":"co"},{"region":"Vaupes","country":"co"},{"region":"Vichada","country":"co"}]