[{"region":"Camaguey","country":"cu"},{"region":"Ciego de Avila","country":"cu"},{"region":"Cienfuegos","country":"cu"},{"region":"Ciudad de la Habana","country":"cu"},{"region":"Granma","country":"cu"},{"region":"Guantanamo","country":"cu"},{"region":"Holguin","country":"cu"},{"region":"Isla de la Juventud","country":"cu"},{"region":"La Habana","country":"cu"},{"region":"Las Tunas","country":"cu"},{"region":"Matanzas","country":"cu"},{"region":"Pinar del Rio","country":"cu"},{"region":"Sancti Spiritus","country":"cu"},{"region":"Santiago de Cuba","country":"cu"},{"region":"Villa Clara","country":"cu"}]