[{"region":"Hlavni mesto Praha","country":"cz"},{"region":"Jihocesky kraj","country":"cz"},{"region":"Jihomoravsky kraj","country":"cz"},{"region":"Karlovarsky kraj","country":"cz"},{"region":"Kralovehradecky kraj","country":"cz"},{"region":"Liberecky kraj","country":"cz"},{"region":"Moravskoslezsky kraj","country":"cz"},{"region":"Olomoucky kraj","country":"cz"},{"region":"Pardubicky kraj","country":"cz"},{"region":"Plzensky kraj","country":"cz"},{"region":"Stredocesky kraj","country":"cz"},{"region":"Ustecky kraj","country":"cz"},{"region":"Vysocina","country":"cz"},{"region":"Zlinsky kraj","country":"cz"}]