[{"region":"Baden-Wurttemberg","country":"de"},{"region":"Bayern","country":"de"},{"region":"Berlin","country":"de"},{"region":"Brandenburg","country":"de"},{"region":"Bremen","country":"de"},{"region":"Hamburg","country":"de"},{"region":"Hessen","country":"de"},{"region":"Mecklenburg-Vorpommern","country":"de"},{"region":"Niedersachsen","country":"de"},{"region":"Nordrhein-Westfalen","country":"de"},{"region":"Rheinland-Pfalz","country":"de"},{"region":"Saarland","country":"de"},{"region":"Sachsen","country":"de"},{"region":"Sachsen-Anhalt","country":"de"},{"region":"Schleswig-Holstein","country":"de"},{"region":"Thuringen","country":"de"}]