[{"region":"Azua","country":"do"},{"region":"Baoruco","country":"do"},{"region":"Barahona","country":"do"},{"region":"Dajabon","country":"do"},{"region":"Distrito Nacional","country":"do"},{"region":"Duarte","country":"do"},{"region":"El Seibo","country":"do"},{"region":"Elias Pina","country":"do"},{"region":"Espaillat","country":"do"},{"region":"Hato Mayor","country":"do"},{"region":"Independencia","country":"do"},{"region":"La Altagracia","country":"do"},{"region":"La Romana","country":"do"},{"region":"La Vega","country":"do"},{"region":"Maria Trinidad Sanchez","country":"do"},{"region":"Monsenor Nouel","country":"do"},{"region":"Monte Cristi","country":"do"},{"region":"Monte Plata","country":"do"},{"region":"Pedernales","country":"do"},{"region":"Peravia","country":"do"},{"region":"Puerto Plata","country":"do"},{"region":"Salcedo","country":"do"},{"region":"Samana","country":"do"},{"region":"San Cristobal","country":"do"},{"region":"San Juan","country":"do"},{"region":"San Pedro De Macoris","country":"do"},{"region":"Sanchez Ramirez","country":"do"},{"region":"Santiago","country":"do"},{"region":"Santiago Rodriguez","country":"do"},{"region":"Valverde","country":"do"}]