[{"region":"Adrar","country":"dz"},{"region":"Ain Defla","country":"dz"},{"region":"Ain Temouchent","country":"dz"},{"region":"Alger","country":"dz"},{"region":"Annaba","country":"dz"},{"region":"Batna","country":"dz"},{"region":"Bechar","country":"dz"},{"region":"Bejaia","country":"dz"},{"region":"Biskra","country":"dz"},{"region":"Blida","country":"dz"},{"region":"Bordj Bou Arreridj","country":"dz"},{"region":"Bouira","country":"dz"},{"region":"Boumerdes","country":"dz"},{"region":"Chlef","country":"dz"},{"region":"Constantine","country":"dz"},{"region":"Djelfa","country":"dz"},{"region":"El Bayadh","country":"dz"},{"region":"El Oued","country":"dz"},{"region":"Ghardaia","country":"dz"},{"region":"Guelma","country":"dz"},{"region":"Illizi","country":"dz"},{"region":"Jijel","country":"dz"},{"region":"Khenchela","country":"dz"},{"region":"Laghouat","country":"dz"},{"region":"M\u0027sila","country":"dz"},{"region":"Mascara","country":"dz"},{"region":"Medea","country":"dz"},{"region":"Mila","country":"dz"},{"region":"Mostaganem","country":"dz"},{"region":"Naama","country":"dz"},{"region":"Oran","country":"dz"},{"region":"Ouargla","country":"dz"},{"region":"Oum el Bouaghi","country":"dz"},{"region":"Relizane","country":"dz"},{"region":"Saida","country":"dz"},{"region":"Setif","country":"dz"},{"region":"Sidi Bel Abbes","country":"dz"},{"region":"Skikda","country":"dz"},{"region":"Souk Ahras","country":"dz"},{"region":"Tamanghasset","country":"dz"},{"region":"Tebessa","country":"dz"},{"region":"Tiaret","country":"dz"},{"region":"Tindouf","country":"dz"},{"region":"Tipaza","country":"dz"},{"region":"Tissemsilt","country":"dz"},{"region":"Tizi Ouzou","country":"dz"},{"region":"Tlemcen","country":"dz"}]