[{"region":"Azuay","country":"ec"},{"region":"Bolivar","country":"ec"},{"region":"Canar","country":"ec"},{"region":"Carchi","country":"ec"},{"region":"Chimborazo","country":"ec"},{"region":"Cotopaxi","country":"ec"},{"region":"El Oro","country":"ec"},{"region":"Esmeraldas","country":"ec"},{"region":"Galapagos","country":"ec"},{"region":"Guayas","country":"ec"},{"region":"Imbabura","country":"ec"},{"region":"Loja","country":"ec"},{"region":"Los Rios","country":"ec"},{"region":"Manabi","country":"ec"},{"region":"Morona-Santiago","country":"ec"},{"region":"Napo","country":"ec"},{"region":"Orellana","country":"ec"},{"region":"Pastaza","country":"ec"},{"region":"Pichincha","country":"ec"},{"region":"Sucumbios","country":"ec"},{"region":"Tungurahua","country":"ec"},{"region":"Zamora-Chinchipe","country":"ec"}]