[{"region":"Harjumaa","country":"ee"},{"region":"Hiiumaa","country":"ee"},{"region":"Ida-Virumaa","country":"ee"},{"region":"Jarvamaa","country":"ee"},{"region":"Jogevamaa","country":"ee"},{"region":"Laane-Virumaa","country":"ee"},{"region":"Laanemaa","country":"ee"},{"region":"Parnumaa","country":"ee"},{"region":"Polvamaa","country":"ee"},{"region":"Raplamaa","country":"ee"},{"region":"Saaremaa","country":"ee"},{"region":"Tartumaa","country":"ee"},{"region":"Valgamaa","country":"ee"},{"region":"Viljandimaa","country":"ee"},{"region":"Vorumaa","country":"ee"}]