[{"region":"Ad Daqahliyah","country":"eg"},{"region":"Al Bahr al Ahmar","country":"eg"},{"region":"Al Buhayrah","country":"eg"},{"region":"Al Fayyum","country":"eg"},{"region":"Al Gharbiyah","country":"eg"},{"region":"Al Iskandariyah","country":"eg"},{"region":"Al Isma\u0027iliyah","country":"eg"},{"region":"Al Jizah","country":"eg"},{"region":"Al Minufiyah","country":"eg"},{"region":"Al Minya","country":"eg"},{"region":"Al Qahirah","country":"eg"},{"region":"Al Qalyubiyah","country":"eg"},{"region":"Al Wadi al Jadid","country":"eg"},{"region":"As Suways","country":"eg"},{"region":"Ash Sharqiyah","country":"eg"},{"region":"Aswan","country":"eg"},{"region":"Asyut","country":"eg"},{"region":"Bani Suwayf","country":"eg"},{"region":"Bur Sa\u0027id","country":"eg"},{"region":"Dumyat","country":"eg"},{"region":"Janub Sina\u0027","country":"eg"},{"region":"Kafr ash Shaykh","country":"eg"},{"region":"Matruh","country":"eg"},{"region":"Qina","country":"eg"},{"region":"Shamal Sina\u0027","country":"eg"},{"region":"Suhaj","country":"eg"}]