[{"region":"Andalucia","country":"es"},{"region":"Aragon","country":"es"},{"region":"Asturias","country":"es"},{"region":"Canarias","country":"es"},{"region":"Cantabria","country":"es"},{"region":"Castilla y Leon","country":"es"},{"region":"Castilla-La Mancha","country":"es"},{"region":"Catalonia","country":"es"},{"region":"Comunidad Valenciana","country":"es"},{"region":"Extremadura","country":"es"},{"region":"Galicia","country":"es"},{"region":"Islas Baleares","country":"es"},{"region":"La Rioja","country":"es"},{"region":"Madrid","country":"es"},{"region":"Murcia","country":"es"},{"region":"Navarra","country":"es"},{"region":"Pais Vasco","country":"es"}]