[{"region":"Alsace","country":"fr"},{"region":"Aquitaine","country":"fr"},{"region":"Auvergne","country":"fr"},{"region":"Basse-Normandie","country":"fr"},{"region":"Bourgogne","country":"fr"},{"region":"Bretagne","country":"fr"},{"region":"Centre","country":"fr"},{"region":"Champagne-Ardenne","country":"fr"},{"region":"Corse","country":"fr"},{"region":"Franche-Comte","country":"fr"},{"region":"Haute-Normandie","country":"fr"},{"region":"Ile-de-France","country":"fr"},{"region":"Languedoc-Roussillon","country":"fr"},{"region":"Limousin","country":"fr"},{"region":"Lorraine","country":"fr"},{"region":"Midi-Pyrenees","country":"fr"},{"region":"Nord-Pas-de-Calais","country":"fr"},{"region":"Pays de la Loire","country":"fr"},{"region":"Picardie","country":"fr"},{"region":"Poitou-Charentes","country":"fr"},{"region":"Provence-Alpes-Cote d\u0027Azur","country":"fr"},{"region":"Rhone-Alpes","country":"fr"}]