[{"region":"Aberdeen City","country":"gb"},{"region":"Aberdeenshire","country":"gb"},{"region":"Angus","country":"gb"},{"region":"Antrim","country":"gb"},{"region":"Ards","country":"gb"},{"region":"Argyll and Bute","country":"gb"},{"region":"Armagh","country":"gb"},{"region":"Ballymena","country":"gb"},{"region":"Ballymoney","country":"gb"},{"region":"Banbridge","country":"gb"},{"region":"Barking and Dagenham","country":"gb"},{"region":"Barnet","country":"gb"},{"region":"Barnsley","country":"gb"},{"region":"Bath and North East Somerset","country":"gb"},{"region":"Bedfordshire","country":"gb"},{"region":"Belfast","country":"gb"},{"region":"Bexley","country":"gb"},{"region":"Birmingham","country":"gb"},{"region":"Blackburn with Darwen","country":"gb"},{"region":"Blackpool","country":"gb"},{"region":"Blaenau Gwent","country":"gb"},{"region":"Bolton","country":"gb"},{"region":"Bournemouth","country":"gb"},{"region":"Bracknell Forest","country":"gb"},{"region":"Bradford","country":"gb"},{"region":"Brent","country":"gb"},{"region":"Bridgend","country":"gb"},{"region":"Brighton and Hove","country":"gb"},{"region":"Bristol","country":"gb"},{"region":"Bromley","country":"gb"},{"region":"Buckinghamshire","country":"gb"},{"region":"Bury","country":"gb"},{"region":"Caerphilly","country":"gb"},{"region":"Calderdale","country":"gb"},{"region":"Cambridgeshire","country":"gb"},{"region":"Camden","country":"gb"},{"region":"Cardiff","country":"gb"},{"region":"Carmarthenshire","country":"gb"},{"region":"Carrickfergus","country":"gb"},{"region":"Castlereagh","country":"gb"},{"region":"Ceredigion","country":"gb"},{"region":"Cheshire","country":"gb"},{"region":"Clackmannanshire","country":"gb"},{"region":"Coleraine","country":"gb"},{"region":"Conwy","country":"gb"},{"region":"Cookstown","country":"gb"},{"region":"Cornwall","country":"gb"},{"region":"Coventry","country":"gb"},{"region":"Craigavon","country":"gb"},{"region":"Croydon","country":"gb"},{"region":"Cumbria","country":"gb"},{"region":"Darlington","country":"gb"},{"region":"Denbighshire","country":"gb"},{"region":"Derby","country":"gb"},{"region":"Derbyshire","country":"gb"},{"region":"Derry","country":"gb"},{"region":"Devon","country":"gb"},{"region":"Doncaster","country":"gb"},{"region":"Dorset","country":"gb"},{"region":"Down","country":"gb"},{"region":"Dudley","country":"gb"},{"region":"Dumfries and Galloway","country":"gb"},{"region":"Dundee City","country":"gb"},{"region":"Dungannon","country":"gb"},{"region":"Durham","country":"gb"},{"region":"Ealing","country":"gb"},{"region":"East Ayrshire","country":"gb"},{"region":"East Dunbartonshire","country":"gb"},{"region":"East Lothian","country":"gb"},{"region":"East Renfrewshire","country":"gb"},{"region":"East Riding of Yorkshire","country":"gb"},{"region":"East Sussex","country":"gb"},{"region":"Edinburgh","country":"gb"},{"region":"Eilean Siar","country":"gb"},{"region":"Enfield","country":"gb"},{"region":"Essex","country":"gb"},{"region":"Falkirk","country":"gb"},{"region":"Fermanagh","country":"gb"},{"region":"Fife","country":"gb"},{"region":"Flintshire","country":"gb"},{"region":"Gateshead","country":"gb"},{"region":"Glasgow City","country":"gb"},{"region":"Gloucestershire","country":"gb"},{"region":"Greenwich","country":"gb"},{"region":"Gwynedd","country":"gb"},{"region":"Hackney","country":"gb"},{"region":"Halton","country":"gb"},{"region":"Hammersmith and Fulham","country":"gb"},{"region":"Hampshire","country":"gb"},{"region":"Haringey","country":"gb"},{"region":"Harrow","country":"gb"},{"region":"Hartlepool","country":"gb"},{"region":"Havering","country":"gb"},{"region":"Herefordshire","country":"gb"},{"region":"Hertford","country":"gb"},{"region":"Highland","country":"gb"},{"region":"Hillingdon","country":"gb"},{"region":"Hounslow","country":"gb"},{"region":"Inverclyde","country":"gb"},{"region":"Isle of Anglesey","country":"gb"},{"region":"Isle of Wight","country":"gb"},{"region":"Islington","country":"gb"},{"region":"Kensington and Chelsea","country":"gb"},{"region":"Kent","country":"gb"},{"region":"Kingston upon Hull","country":"gb"},{"region":"Kingston upon Thames","country":"gb"},{"region":"Kirklees","country":"gb"},{"region":"Knowsley","country":"gb"},{"region":"Lambeth","country":"gb"},{"region":"Lancashire","country":"gb"},{"region":"Larne","country":"gb"},{"region":"Leeds","country":"gb"},{"region":"Leicester","country":"gb"},{"region":"Leicestershire","country":"gb"},{"region":"Lewisham","country":"gb"},{"region":"Limavady","country":"gb"},{"region":"Lincolnshire","country":"gb"},{"region":"Lisburn","country":"gb"},{"region":"Liverpool","country":"gb"},{"region":"London","country":"gb"},{"region":"Luton","country":"gb"},{"region":"Magherafelt","country":"gb"},{"region":"Manchester","country":"gb"},{"region":"Medway","country":"gb"},{"region":"Merthyr Tydfil","country":"gb"},{"region":"Merton","country":"gb"},{"region":"Middlesbrough","country":"gb"},{"region":"Midlothian","country":"gb"},{"region":"Milton Keynes","country":"gb"},{"region":"Monmouthshire","country":"gb"},{"region":"Moray","country":"gb"},{"region":"Moyle","country":"gb"},{"region":"Neath Port Talbot","country":"gb"},{"region":"Newcastle upon Tyne","country":"gb"},{"region":"Newham","country":"gb"},{"region":"Newport","country":"gb"},{"region":"Newry and Mourne","country":"gb"},{"region":"Newtownabbey","country":"gb"},{"region":"Norfolk","country":"gb"},{"region":"North Ayrshire","country":"gb"},{"region":"North Down","country":"gb"},{"region":"North East Lincolnshire","country":"gb"},{"region":"North Lanarkshire","country":"gb"},{"region":"North Lincolnshire","country":"gb"},{"region":"North Somerset","country":"gb"},{"region":"North Tyneside","country":"gb"},{"region":"North Yorkshire","country":"gb"},{"region":"Northamptonshire","country":"gb"},{"region":"Northumberland","country":"gb"},{"region":"Nottingham","country":"gb"},{"region":"Nottinghamshire","country":"gb"},{"region":"Oldham","country":"gb"},{"region":"Omagh","country":"gb"},{"region":"Orkney","country":"gb"},{"region":"Oxfordshire","country":"gb"},{"region":"Pembrokeshire","country":"gb"},{"region":"Perth and Kinross","country":"gb"},{"region":"Peterborough","country":"gb"},{"region":"Plymouth","country":"gb"},{"region":"Poole","country":"gb"},{"region":"Portsmouth","country":"gb"},{"region":"Powys","country":"gb"},{"region":"Reading","country":"gb"},{"region":"Redbridge","country":"gb"},{"region":"Redcar and Cleveland","country":"gb"},{"region":"Renfrewshire","country":"gb"},{"region":"Rhondda Cynon Taff","country":"gb"},{"region":"Richmond upon Thames","country":"gb"},{"region":"Rochdale","country":"gb"},{"region":"Rotherham","country":"gb"},{"region":"Rutland","country":"gb"},{"region":"Salford","country":"gb"},{"region":"Sandwell","country":"gb"},{"region":"Scottish Borders","country":"gb"},{"region":"Sefton","country":"gb"},{"region":"Sheffield","country":"gb"},{"region":"Shetland Islands","country":"gb"},{"region":"Shropshire","country":"gb"},{"region":"Slough","country":"gb"},{"region":"Solihull","country":"gb"},{"region":"Somerset","country":"gb"},{"region":"South Ayrshire","country":"gb"},{"region":"South Gloucestershire","country":"gb"},{"region":"South Lanarkshire","country":"gb"},{"region":"South Tyneside","country":"gb"},{"region":"Southampton","country":"gb"},{"region":"Southend-on-Sea","country":"gb"},{"region":"Southwark","country":"gb"},{"region":"St. Helens","country":"gb"},{"region":"Staffordshire","country":"gb"},{"region":"Stirling","country":"gb"},{"region":"Stockport","country":"gb"},{"region":"Stockton-on-Tees","country":"gb"},{"region":"Stoke-on-Trent","country":"gb"},{"region":"Strabane","country":"gb"},{"region":"Suffolk","country":"gb"},{"region":"Sunderland","country":"gb"},{"region":"Surrey","country":"gb"},{"region":"Sutton","country":"gb"},{"region":"Swansea","country":"gb"},{"region":"Swindon","country":"gb"},{"region":"Tameside","country":"gb"},{"region":"Telford and Wrekin","country":"gb"},{"region":"Thurrock","country":"gb"},{"region":"Torbay","country":"gb"},{"region":"Torfaen","country":"gb"},{"region":"Tower Hamlets","country":"gb"},{"region":"Trafford","country":"gb"},{"region":"Vale of Glamorgan","country":"gb"},{"region":"Wakefield","country":"gb"},{"region":"Walsall","country":"gb"},{"region":"Waltham Forest","country":"gb"},{"region":"Wandsworth","country":"gb"},{"region":"Warrington","country":"gb"},{"region":"Warwickshire","country":"gb"},{"region":"West Berkshire","country":"gb"},{"region":"West Dunbartonshire","country":"gb"},{"region":"West Lothian","country":"gb"},{"region":"West Sussex","country":"gb"},{"region":"Westminster","country":"gb"},{"region":"Wigan","country":"gb"},{"region":"Wiltshire","country":"gb"},{"region":"Windsor and Maidenhead","country":"gb"},{"region":"Wirral","country":"gb"},{"region":"Wokingham","country":"gb"},{"region":"Wolverhampton","country":"gb"},{"region":"Worcestershire","country":"gb"},{"region":"Wrexham","country":"gb"},{"region":"York","country":"gb"}]