[{"region":"Abashis Raioni","country":"ge"},{"region":"Abkhazia","country":"ge"},{"region":"Ajaria","country":"ge"},{"region":"Akhalgoris Raioni","country":"ge"},{"region":"Akhalk\u0027alak\u0027is Raioni","country":"ge"},{"region":"Akhalts\u0027ikhis Raioni","country":"ge"},{"region":"Akhmetis Raioni","country":"ge"},{"region":"Ambrolauris Raioni","country":"ge"},{"region":"Aspindzis Raioni","country":"ge"},{"region":"Baghdat\u0027is Raioni","country":"ge"},{"region":"Borjomis Raioni","country":"ge"},{"region":"Ch\u0027khorotsqus Raioni","country":"ge"},{"region":"Ch\u0027okhatauris Raioni","country":"ge"},{"region":"Chiat\u0027ura","country":"ge"},{"region":"Dedop\u0027listsqaros Raioni","country":"ge"},{"region":"Dushet\u0027is Raioni","country":"ge"},{"region":"Goris Raioni","country":"ge"},{"region":"Javis Raioni","country":"ge"},{"region":"K\u0027arelis Raioni","country":"ge"},{"region":"K\u0027ut\u0027aisi","country":"ge"},{"region":"Kaspis Raioni","country":"ge"},{"region":"Kharagaulis Raioni","country":"ge"},{"region":"Khashuris Raioni","country":"ge"},{"region":"Khobis Raioni","country":"ge"},{"region":"Lagodekhis Raioni","country":"ge"},{"region":"Lanch\u0027khut\u0027is Raioni","country":"ge"},{"region":"Lentekhis Raioni","country":"ge"},{"region":"Marneulis Raioni","country":"ge"},{"region":"Martvilis Raioni","country":"ge"},{"region":"Mts\u0027khet\u0027is Raioni","country":"ge"},{"region":"Ninotsmindis Raioni","country":"ge"},{"region":"Onis Raioni","country":"ge"},{"region":"P\u0027ot\u0027i","country":"ge"},{"region":"Qazbegis Raioni","country":"ge"},{"region":"Rust\u0027avi","country":"ge"},{"region":"Sagarejos Raioni","country":"ge"},{"region":"Samtrediis Raioni","country":"ge"},{"region":"T\u0027bilisi","country":"ge"},{"region":"T\u0027elavis Raioni","country":"ge"},{"region":"T\u0027et\u0027ritsqaros Raioni","country":"ge"},{"region":"T\u0027ianet\u0027is Raioni","country":"ge"},{"region":"Tqibuli","country":"ge"},{"region":"Ts\u0027ageris Raioni","country":"ge"},{"region":"Tsalenjikhis Raioni","country":"ge"},{"region":"Tsalkis Raioni","country":"ge"},{"region":"Tsqaltubo","country":"ge"},{"region":"Vanis Raioni","country":"ge"},{"region":"Zestap\u0027onis Raioni","country":"ge"},{"region":"Zugdidis Raioni","country":"ge"}]