[{"region":"Beyla","country":"gn"},{"region":"Boffa","country":"gn"},{"region":"Boke","country":"gn"},{"region":"Conakry","country":"gn"},{"region":"Coyah","country":"gn"},{"region":"Dabola","country":"gn"},{"region":"Dalaba","country":"gn"},{"region":"Dinguiraye","country":"gn"},{"region":"Dubreka","country":"gn"},{"region":"Faranah","country":"gn"},{"region":"Forecariah","country":"gn"},{"region":"Fria","country":"gn"},{"region":"Gaoual","country":"gn"},{"region":"Gueckedou","country":"gn"},{"region":"Kankan","country":"gn"},{"region":"Kerouane","country":"gn"},{"region":"Kindia","country":"gn"},{"region":"Kissidougou","country":"gn"},{"region":"Koubia","country":"gn"},{"region":"Koundara","country":"gn"},{"region":"Kouroussa","country":"gn"},{"region":"Labe","country":"gn"},{"region":"Lelouma","country":"gn"},{"region":"Lola","country":"gn"},{"region":"Macenta","country":"gn"},{"region":"Mali","country":"gn"},{"region":"Mamou","country":"gn"},{"region":"Mandiana","country":"gn"},{"region":"Nzerekore","country":"gn"},{"region":"Pita","country":"gn"},{"region":"Siguiri","country":"gn"},{"region":"Telimele","country":"gn"},{"region":"Tougue","country":"gn"},{"region":"Yomou","country":"gn"}]