[{"region":"Aitolia kai Akarnania","country":"gr"},{"region":"Akhaia","country":"gr"},{"region":"Argolis","country":"gr"},{"region":"Arkadhia","country":"gr"},{"region":"Arta","country":"gr"},{"region":"Attiki","country":"gr"},{"region":"Dhodhekanisos","country":"gr"},{"region":"Drama","country":"gr"},{"region":"Evritania","country":"gr"},{"region":"Evros","country":"gr"},{"region":"Evvoia","country":"gr"},{"region":"Florina","country":"gr"},{"region":"Fokis","country":"gr"},{"region":"Fthiotis","country":"gr"},{"region":"Grevena","country":"gr"},{"region":"Ilia","country":"gr"},{"region":"Imathia","country":"gr"},{"region":"Ioannina","country":"gr"},{"region":"Iraklion","country":"gr"},{"region":"Kardhitsa","country":"gr"},{"region":"Kastoria","country":"gr"},{"region":"Kavala","country":"gr"},{"region":"Kefallinia","country":"gr"},{"region":"Kerkira","country":"gr"},{"region":"Khalkidhiki","country":"gr"},{"region":"Khania","country":"gr"},{"region":"Khios","country":"gr"},{"region":"Kikladhes","country":"gr"},{"region":"Kilkis","country":"gr"},{"region":"Korinthia","country":"gr"},{"region":"Kozani","country":"gr"},{"region":"Lakonia","country":"gr"},{"region":"Larisa","country":"gr"},{"region":"Lasithi","country":"gr"},{"region":"Lesvos","country":"gr"},{"region":"Levkas","country":"gr"},{"region":"Magnisia","country":"gr"},{"region":"Messinia","country":"gr"},{"region":"Pella","country":"gr"},{"region":"Pieria","country":"gr"},{"region":"Preveza","country":"gr"},{"region":"Rethimni","country":"gr"},{"region":"Rodhopi","country":"gr"},{"region":"Samos","country":"gr"},{"region":"Serrai","country":"gr"},{"region":"Thesprotia","country":"gr"},{"region":"Thessaloniki","country":"gr"},{"region":"Trikala","country":"gr"},{"region":"Voiotia","country":"gr"},{"region":"Xanthi","country":"gr"},{"region":"Zakinthos","country":"gr"}]