[{"region":"Alta Verapaz","country":"gt"},{"region":"Baja Verapaz","country":"gt"},{"region":"Chimaltenango","country":"gt"},{"region":"Chiquimula","country":"gt"},{"region":"El Progreso","country":"gt"},{"region":"Escuintla","country":"gt"},{"region":"Guatemala","country":"gt"},{"region":"Huehuetenango","country":"gt"},{"region":"Izabal","country":"gt"},{"region":"Jalapa","country":"gt"},{"region":"Jutiapa","country":"gt"},{"region":"Peten","country":"gt"},{"region":"Quetzaltenango","country":"gt"},{"region":"Quiche","country":"gt"},{"region":"Retalhuleu","country":"gt"},{"region":"Sacatepequez","country":"gt"},{"region":"San Marcos","country":"gt"},{"region":"Santa Rosa","country":"gt"},{"region":"Solola","country":"gt"},{"region":"Suchitepequez","country":"gt"},{"region":"Totonicapan","country":"gt"},{"region":"Zacapa","country":"gt"}]