[{"region":"Atlantida","country":"hn"},{"region":"Choluteca","country":"hn"},{"region":"Colon","country":"hn"},{"region":"Comayagua","country":"hn"},{"region":"Copan","country":"hn"},{"region":"Cortes","country":"hn"},{"region":"El Paraiso","country":"hn"},{"region":"Francisco Morazan","country":"hn"},{"region":"Gracias a Dios","country":"hn"},{"region":"Intibuca","country":"hn"},{"region":"Islas de la Bahia","country":"hn"},{"region":"La Paz","country":"hn"},{"region":"Lempira","country":"hn"},{"region":"Ocotepeque","country":"hn"},{"region":"Olancho","country":"hn"},{"region":"Santa Barbara","country":"hn"},{"region":"Valle","country":"hn"},{"region":"Yoro","country":"hn"}]