[{"region":"Bjelovarsko-Bilogorska","country":"hr"},{"region":"Brodsko-Posavska","country":"hr"},{"region":"Dubrovacko-Neretvanska","country":"hr"},{"region":"Grad Zagreb","country":"hr"},{"region":"Istarska","country":"hr"},{"region":"Karlovacka","country":"hr"},{"region":"Koprivnicko-Krizevacka","country":"hr"},{"region":"Krapinsko-Zagorska","country":"hr"},{"region":"Licko-Senjska","country":"hr"},{"region":"Medimurska","country":"hr"},{"region":"Osjecko-Baranjska","country":"hr"},{"region":"Pozesko-Slavonska","country":"hr"},{"region":"Primorsko-Goranska","country":"hr"},{"region":"Sibensko-Kninska","country":"hr"},{"region":"Sisacko-Moslavacka","country":"hr"},{"region":"Splitsko-Dalmatinska","country":"hr"},{"region":"Varazdinska","country":"hr"},{"region":"Viroviticko-Podravska","country":"hr"},{"region":"Vukovarsko-Srijemska","country":"hr"},{"region":"Zagrebacka","country":"hr"}]