[{"region":"Bacs-Kiskun","country":"hu"},{"region":"Baranya","country":"hu"},{"region":"Bekes","country":"hu"},{"region":"Borsod-Abauj-Zemplen","country":"hu"},{"region":"Budapest","country":"hu"},{"region":"Csongrad","country":"hu"},{"region":"Debrecen","country":"hu"},{"region":"Fejer","country":"hu"},{"region":"Gyor","country":"hu"},{"region":"Gyor-Moson-Sopron","country":"hu"},{"region":"Hajdu-Bihar","country":"hu"},{"region":"Heves","country":"hu"},{"region":"Jasz-Nagykun-Szolnok","country":"hu"},{"region":"Komarom-Esztergom","country":"hu"},{"region":"Miskolc","country":"hu"},{"region":"Nograd","country":"hu"},{"region":"Pecs","country":"hu"},{"region":"Pest","country":"hu"},{"region":"Somogy","country":"hu"},{"region":"Szabolcs-Szatmar-Bereg","country":"hu"},{"region":"Szeged","country":"hu"},{"region":"Tolna","country":"hu"},{"region":"Vas","country":"hu"},{"region":"Veszprem","country":"hu"},{"region":"Zala","country":"hu"}]