[{"region":"Aceh","country":"id"},{"region":"Bali","country":"id"},{"region":"Banten","country":"id"},{"region":"Bengkulu","country":"id"},{"region":"Jakarta Raya","country":"id"},{"region":"Jambi","country":"id"},{"region":"Jawa Barat","country":"id"},{"region":"Jawa Tengah","country":"id"},{"region":"Jawa Timur","country":"id"},{"region":"Kalimantan Barat","country":"id"},{"region":"Kalimantan Selatan","country":"id"},{"region":"Kalimantan Tengah","country":"id"},{"region":"Kalimantan Timur","country":"id"},{"region":"Lampung","country":"id"},{"region":"Maluku","country":"id"},{"region":"Nusa Tenggara Barat","country":"id"},{"region":"Nusa Tenggara Timur","country":"id"},{"region":"Sulawesi Tengah","country":"id"},{"region":"Sulawesi Tenggara","country":"id"},{"region":"Sulawesi Utara","country":"id"},{"region":"Sumatera Barat","country":"id"},{"region":"Sumatera Utara","country":"id"},{"region":"Yogyakarta","country":"id"}]