[{"region":"Carlow","country":"ie"},{"region":"Cavan","country":"ie"},{"region":"Clare","country":"ie"},{"region":"Cork","country":"ie"},{"region":"Donegal","country":"ie"},{"region":"Dublin","country":"ie"},{"region":"Galway","country":"ie"},{"region":"Kerry","country":"ie"},{"region":"Kildare","country":"ie"},{"region":"Kilkenny","country":"ie"},{"region":"Laois","country":"ie"},{"region":"Leitrim","country":"ie"},{"region":"Limerick","country":"ie"},{"region":"Longford","country":"ie"},{"region":"Louth","country":"ie"},{"region":"Mayo","country":"ie"},{"region":"Meath","country":"ie"},{"region":"Monaghan","country":"ie"},{"region":"Offaly","country":"ie"},{"region":"Roscommon","country":"ie"},{"region":"Sligo","country":"ie"},{"region":"Tipperary","country":"ie"},{"region":"Waterford","country":"ie"},{"region":"Westmeath","country":"ie"},{"region":"Wexford","country":"ie"},{"region":"Wicklow","country":"ie"}]