[{"region":"Andaman and Nicobar Islands","country":"in"},{"region":"Andhra Pradesh","country":"in"},{"region":"Arunachal Pradesh","country":"in"},{"region":"Assam","country":"in"},{"region":"Bihar","country":"in"},{"region":"Chandigarh","country":"in"},{"region":"Chhattisgarh","country":"in"},{"region":"Dadra and Nagar Haveli","country":"in"},{"region":"Daman and Diu","country":"in"},{"region":"Delhi","country":"in"},{"region":"Goa","country":"in"},{"region":"Gujarat","country":"in"},{"region":"Haryana","country":"in"},{"region":"Himachal Pradesh","country":"in"},{"region":"Jammu and Kashmir","country":"in"},{"region":"Jharkhand","country":"in"},{"region":"Karnataka","country":"in"},{"region":"Kerala","country":"in"},{"region":"Lakshadweep","country":"in"},{"region":"Madhya Pradesh","country":"in"},{"region":"Maharashtra","country":"in"},{"region":"Manipur","country":"in"},{"region":"Meghalaya","country":"in"},{"region":"Mizoram","country":"in"},{"region":"Nagaland","country":"in"},{"region":"Orissa","country":"in"},{"region":"Puducherry","country":"in"},{"region":"Punjab","country":"in"},{"region":"Rajasthan","country":"in"},{"region":"Sikkim","country":"in"},{"region":"Tamil Nadu","country":"in"},{"region":"Tripura","country":"in"},{"region":"Uttar Pradesh","country":"in"},{"region":"Uttarakhand","country":"in"},{"region":"West Bengal","country":"in"}]