[{"region":"Al Anbar","country":"iq"},{"region":"Al Basrah","country":"iq"},{"region":"Al Muthanna","country":"iq"},{"region":"Al Qadisiyah","country":"iq"},{"region":"An Najaf","country":"iq"},{"region":"Arbil","country":"iq"},{"region":"As Sulaymaniyah","country":"iq"},{"region":"At Ta\u0027mim","country":"iq"},{"region":"Babil","country":"iq"},{"region":"Baghdad","country":"iq"},{"region":"Dahuk","country":"iq"},{"region":"Dhi Qar","country":"iq"},{"region":"Diyala","country":"iq"},{"region":"Karbala\u0027","country":"iq"},{"region":"Maysan","country":"iq"},{"region":"Ninawa","country":"iq"},{"region":"Salah ad Din","country":"iq"},{"region":"Wasit","country":"iq"}]