[{"region":"Ardabil","country":"ir"},{"region":"Azarbayjan-e Bakhtari","country":"ir"},{"region":"Bakhtaran","country":"ir"},{"region":"Bushehr","country":"ir"},{"region":"Chahar Mahall va Bakhtiari","country":"ir"},{"region":"East Azarbaijan","country":"ir"},{"region":"Esfahan","country":"ir"},{"region":"Fars","country":"ir"},{"region":"Gilan","country":"ir"},{"region":"Golestan","country":"ir"},{"region":"Hamadan","country":"ir"},{"region":"Hormozgan","country":"ir"},{"region":"Ilam","country":"ir"},{"region":"Kerman","country":"ir"},{"region":"Khorasan","country":"ir"},{"region":"Khorasan-e Razavi","country":"ir"},{"region":"Khuzestan","country":"ir"},{"region":"Kohkiluyeh va Buyer Ahmadi","country":"ir"},{"region":"Kordestan","country":"ir"},{"region":"Lorestan","country":"ir"},{"region":"Markazi","country":"ir"},{"region":"Mazandaran","country":"ir"},{"region":"Qazvin","country":"ir"},{"region":"Qom","country":"ir"},{"region":"Semnan","country":"ir"},{"region":"Semnan Province","country":"ir"},{"region":"Sistan va Baluchestan","country":"ir"},{"region":"Tehran","country":"ir"},{"region":"Yazd","country":"ir"},{"region":"Zanjan","country":"ir"}]