[{"region":"Arnessysla","country":"is"},{"region":"Austur-Hunavatnssysla","country":"is"},{"region":"Austur-Skaftafellssysla","country":"is"},{"region":"Borgarfjardarsysla","country":"is"},{"region":"Eyjafjardarsysla","country":"is"},{"region":"Gullbringusysla","country":"is"},{"region":"Kjosarsysla","country":"is"},{"region":"Myrasysla","country":"is"},{"region":"Nordur-Mulasysla","country":"is"},{"region":"Nordur-Tingeyjarsysla","country":"is"},{"region":"Rangarvallasysla","country":"is"},{"region":"Skagafjardarsysla","country":"is"},{"region":"Snafellsnes- og Hnappadalssysla","country":"is"},{"region":"Strandasysla","country":"is"},{"region":"Sudur-Mulasysla","country":"is"},{"region":"Sudur-Tingeyjarsysla","country":"is"},{"region":"Vestur-Bardastrandarsysla","country":"is"},{"region":"Vestur-Hunavatnssysla","country":"is"},{"region":"Vestur-Isafjardarsysla","country":"is"},{"region":"Vestur-Skaftafellssysla","country":"is"}]