[{"region":"Abruzzi","country":"it"},{"region":"Basilicata","country":"it"},{"region":"Calabria","country":"it"},{"region":"Campania","country":"it"},{"region":"Emilia-Romagna","country":"it"},{"region":"Friuli-Venezia Giulia","country":"it"},{"region":"Lazio","country":"it"},{"region":"Liguria","country":"it"},{"region":"Lombardia","country":"it"},{"region":"Marche","country":"it"},{"region":"Molise","country":"it"},{"region":"Piemonte","country":"it"},{"region":"Puglia","country":"it"},{"region":"Sardegna","country":"it"},{"region":"Sicilia","country":"it"},{"region":"Toscana","country":"it"},{"region":"Trentino-Alto Adige","country":"it"},{"region":"Umbria","country":"it"},{"region":"Valle d\u0027Aosta","country":"it"},{"region":"Veneto","country":"it"}]