[{"region":"Clarendon","country":"jm"},{"region":"Hanover","country":"jm"},{"region":"Kingston","country":"jm"},{"region":"Manchester","country":"jm"},{"region":"Portland","country":"jm"},{"region":"Saint Andrew","country":"jm"},{"region":"Saint Ann","country":"jm"},{"region":"Saint Catherine","country":"jm"},{"region":"Saint Elizabeth","country":"jm"},{"region":"Saint James","country":"jm"},{"region":"Saint Mary","country":"jm"},{"region":"Saint Thomas","country":"jm"},{"region":"Trelawny","country":"jm"},{"region":"Westmoreland","country":"jm"}]