[{"region":"Aichi","country":"jp"},{"region":"Akita","country":"jp"},{"region":"Aomori","country":"jp"},{"region":"Chiba","country":"jp"},{"region":"Ehime","country":"jp"},{"region":"Fukui","country":"jp"},{"region":"Fukuoka","country":"jp"},{"region":"Fukushima","country":"jp"},{"region":"Gifu","country":"jp"},{"region":"Gumma","country":"jp"},{"region":"Hiroshima","country":"jp"},{"region":"Hokkaido","country":"jp"},{"region":"Hyogo","country":"jp"},{"region":"Ibaraki","country":"jp"},{"region":"Ishikawa","country":"jp"},{"region":"Iwate","country":"jp"},{"region":"Kagawa","country":"jp"},{"region":"Kagoshima","country":"jp"},{"region":"Kanagawa","country":"jp"},{"region":"Kochi","country":"jp"},{"region":"Kumamoto","country":"jp"},{"region":"Kyoto","country":"jp"},{"region":"Mie","country":"jp"},{"region":"Miyagi","country":"jp"},{"region":"Miyazaki","country":"jp"},{"region":"Nagano","country":"jp"},{"region":"Nagasaki","country":"jp"},{"region":"Nara","country":"jp"},{"region":"Niigata","country":"jp"},{"region":"Oita","country":"jp"},{"region":"Okayama","country":"jp"},{"region":"Okinawa","country":"jp"},{"region":"Osaka","country":"jp"},{"region":"Saga","country":"jp"},{"region":"Saitama","country":"jp"},{"region":"Shiga","country":"jp"},{"region":"Shimane","country":"jp"},{"region":"Shizuoka","country":"jp"},{"region":"Tochigi","country":"jp"},{"region":"Tokushima","country":"jp"},{"region":"Tokyo","country":"jp"},{"region":"Tottori","country":"jp"},{"region":"Toyama","country":"jp"},{"region":"Wakayama","country":"jp"},{"region":"Yamagata","country":"jp"},{"region":"Yamaguchi","country":"jp"},{"region":"Yamanashi","country":"jp"}]