[{"region":"Banteay Meanchey","country":"kh"},{"region":"Batdambang","country":"kh"},{"region":"Kampong Cham","country":"kh"},{"region":"Kampong Chhnang","country":"kh"},{"region":"Kampong Speu","country":"kh"},{"region":"Kampong Thum","country":"kh"},{"region":"Kampot","country":"kh"},{"region":"Kandal","country":"kh"},{"region":"Koh Kong","country":"kh"},{"region":"Kracheh","country":"kh"},{"region":"Mondulkiri","country":"kh"},{"region":"Phnum Penh","country":"kh"},{"region":"Preah Vihear","country":"kh"},{"region":"Prey Veng","country":"kh"},{"region":"Pursat","country":"kh"},{"region":"Ratanakiri Kiri","country":"kh"},{"region":"Siem Reap","country":"kh"},{"region":"Stung Treng","country":"kh"},{"region":"Svay Rieng","country":"kh"},{"region":"Takeo","country":"kh"}]