[{"region":"Christ Church Nichola Town","country":"kn"},{"region":"Saint Anne Sandy Point","country":"kn"},{"region":"Saint George Basseterre","country":"kn"},{"region":"Saint George Gingerland","country":"kn"},{"region":"Saint James Windward","country":"kn"},{"region":"Saint John Capisterre","country":"kn"},{"region":"Saint John Figtree","country":"kn"},{"region":"Saint Mary Cayon","country":"kn"},{"region":"Saint Paul Capisterre","country":"kn"},{"region":"Saint Peter Basseterre","country":"kn"},{"region":"Saint Thomas Lowland","country":"kn"},{"region":"Saint Thomas Middle Island","country":"kn"},{"region":"Trinity Palmetto Point","country":"kn"}]