[{"region":"Chagang-do","country":"kp"},{"region":"Hamgyong-bukto","country":"kp"},{"region":"Hamgyong-namdo","country":"kp"},{"region":"Hwanghae-bukto","country":"kp"},{"region":"Hwanghae-namdo","country":"kp"},{"region":"Kaesong-si","country":"kp"},{"region":"Kangwon-do","country":"kp"},{"region":"Najin Sonbong-si","country":"kp"},{"region":"Namp\u0027o-si","country":"kp"},{"region":"P\u0027yongan-bukto","country":"kp"},{"region":"P\u0027yongan-namdo","country":"kp"},{"region":"P\u0027yongyang-si","country":"kp"},{"region":"Yanggang-do","country":"kp"}]