[{"region":"Ch\u0027ungch\u0027ong-bukto","country":"kr"},{"region":"Ch\u0027ungch\u0027ong-namdo","country":"kr"},{"region":"Cheju-do","country":"kr"},{"region":"Cholla-bukto","country":"kr"},{"region":"Cholla-namdo","country":"kr"},{"region":"Inch\u0027on-jikhalsi","country":"kr"},{"region":"Kangwon-do","country":"kr"},{"region":"Kwangju-jikhalsi","country":"kr"},{"region":"Kyonggi-do","country":"kr"},{"region":"Kyongsang-bukto","country":"kr"},{"region":"Kyongsang-namdo","country":"kr"},{"region":"Pusan-jikhalsi","country":"kr"},{"region":"Seoul-t\u0027ukpyolsi","country":"kr"},{"region":"Taegu-jikhalsi","country":"kr"},{"region":"Taejon-jikhalsi","country":"kr"},{"region":"Ulsan-gwangyoksi","country":"kr"}]