[{"region":"Almaty","country":"kz"},{"region":"Almaty City","country":"kz"},{"region":"Aqmola","country":"kz"},{"region":"Aqtobe","country":"kz"},{"region":"Astana","country":"kz"},{"region":"Atyrau","country":"kz"},{"region":"Bayqonyr","country":"kz"},{"region":"East Kazakhstan","country":"kz"},{"region":"Mangghystau","country":"kz"},{"region":"North Kazakhstan","country":"kz"},{"region":"Pavlodar","country":"kz"},{"region":"Qaraghandy","country":"kz"},{"region":"Qostanay","country":"kz"},{"region":"Qyzylorda","country":"kz"},{"region":"South Kazakhstan","country":"kz"},{"region":"West Kazakhstan","country":"kz"},{"region":"Zhambyl","country":"kz"}]