[{"region":"Aizkraukles","country":"lv"},{"region":"Aluksnes","country":"lv"},{"region":"Balvu","country":"lv"},{"region":"Bauskas","country":"lv"},{"region":"Cesu","country":"lv"},{"region":"Daugavpils","country":"lv"},{"region":"Dobeles","country":"lv"},{"region":"Gulbenes","country":"lv"},{"region":"Jekabpils","country":"lv"},{"region":"Jelgavas","country":"lv"},{"region":"Kraslavas","country":"lv"},{"region":"Kuldigas","country":"lv"},{"region":"Liepaja","country":"lv"},{"region":"Liepajas","country":"lv"},{"region":"Limbazu","country":"lv"},{"region":"Ludzas","country":"lv"},{"region":"Madonas","country":"lv"},{"region":"Ogres","country":"lv"},{"region":"Preilu","country":"lv"},{"region":"Rezekne","country":"lv"},{"region":"Rezeknes","country":"lv"},{"region":"Riga","country":"lv"},{"region":"Rigas","country":"lv"},{"region":"Saldus","country":"lv"},{"region":"Talsu","country":"lv"},{"region":"Tukuma","country":"lv"},{"region":"Valkas","country":"lv"},{"region":"Valmieras","country":"lv"},{"region":"Ventspils","country":"lv"}]