[{"region":"Ajdabiya","country":"ly"},{"region":"Al Aziziyah","country":"ly"},{"region":"Al Fatih","country":"ly"},{"region":"Al Jabal al Akhdar","country":"ly"},{"region":"Al Jufrah","country":"ly"},{"region":"Al Khums","country":"ly"},{"region":"Al Kufrah","country":"ly"},{"region":"An Nuqat al Khams","country":"ly"},{"region":"Ash Shati\u0027","country":"ly"},{"region":"Awbari","country":"ly"},{"region":"Az Zawiyah","country":"ly"},{"region":"Banghazi","country":"ly"},{"region":"Darnah","country":"ly"},{"region":"Ghadamis","country":"ly"},{"region":"Gharyan","country":"ly"},{"region":"Misratah","country":"ly"},{"region":"Murzuq","country":"ly"},{"region":"Sabha","country":"ly"},{"region":"Sawfajjin","country":"ly"},{"region":"Surt","country":"ly"},{"region":"Tarabulus","country":"ly"},{"region":"Tarhunah","country":"ly"},{"region":"Tubruq","country":"ly"},{"region":"Yafran","country":"ly"},{"region":"Zlitan","country":"ly"}]