[{"region":"Aracinovo","country":"mk"},{"region":"Bac","country":"mk"},{"region":"Belcista","country":"mk"},{"region":"Berovo","country":"mk"},{"region":"Bistrica","country":"mk"},{"region":"Bitola","country":"mk"},{"region":"Blatec","country":"mk"},{"region":"Bogdanci","country":"mk"},{"region":"Bogomila","country":"mk"},{"region":"Bogovinje","country":"mk"},{"region":"Bosilovo","country":"mk"},{"region":"Brvenica","country":"mk"},{"region":"Capari","country":"mk"},{"region":"Caska","country":"mk"},{"region":"Cegrane","country":"mk"},{"region":"Cesinovo","country":"mk"},{"region":"Cucer-Sandevo","country":"mk"},{"region":"Debar","country":"mk"},{"region":"Delcevo","country":"mk"},{"region":"Delogozdi","country":"mk"},{"region":"Demir Hisar","country":"mk"},{"region":"Demir Kapija","country":"mk"},{"region":"Dobrusevo","country":"mk"},{"region":"Dolna Banjica","country":"mk"},{"region":"Dolneni","country":"mk"},{"region":"Drugovo","country":"mk"},{"region":"Dzepciste","country":"mk"},{"region":"Gevgelija","country":"mk"},{"region":"Gostivar","country":"mk"},{"region":"Gradsko","country":"mk"},{"region":"Ilinden","country":"mk"},{"region":"Izvor","country":"mk"},{"region":"Jegunovce","country":"mk"},{"region":"Kamenjane","country":"mk"},{"region":"Karbinci","country":"mk"},{"region":"Karpos","country":"mk"},{"region":"Kavadarci","country":"mk"},{"region":"Kicevo","country":"mk"},{"region":"Kisela Voda","country":"mk"},{"region":"Klecevce","country":"mk"},{"region":"Kocani","country":"mk"},{"region":"Konce","country":"mk"},{"region":"Kondovo","country":"mk"},{"region":"Konopiste","country":"mk"},{"region":"Kosel","country":"mk"},{"region":"Kratovo","country":"mk"},{"region":"Kriva Palanka","country":"mk"},{"region":"Krivogastani","country":"mk"},{"region":"Krusevo","country":"mk"},{"region":"Kuklis","country":"mk"},{"region":"Kukurecani","country":"mk"},{"region":"Kumanovo","country":"mk"},{"region":"Labunista","country":"mk"},{"region":"Lipkovo","country":"mk"},{"region":"Lozovo","country":"mk"},{"region":"Lukovo","country":"mk"},{"region":"Makedonska Kamenica","country":"mk"},{"region":"Makedonski Brod","country":"mk"},{"region":"Mavrovi Anovi","country":"mk"},{"region":"Meseista","country":"mk"},{"region":"Miravci","country":"mk"},{"region":"Mogila","country":"mk"},{"region":"Murtino","country":"mk"},{"region":"Negotino","country":"mk"},{"region":"Negotino-Polosko","country":"mk"},{"region":"Novaci","country":"mk"},{"region":"Novo Selo","country":"mk"},{"region":"Oblesevo","country":"mk"},{"region":"Ohrid","country":"mk"},{"region":"Orasac","country":"mk"},{"region":"Orizari","country":"mk"},{"region":"Oslomej","country":"mk"},{"region":"Pehcevo","country":"mk"},{"region":"Petrovec","country":"mk"},{"region":"Plasnica","country":"mk"},{"region":"Podares","country":"mk"},{"region":"Prilep","country":"mk"},{"region":"Probistip","country":"mk"},{"region":"Radovis","country":"mk"},{"region":"Rankovce","country":"mk"},{"region":"Resen","country":"mk"},{"region":"Rosoman","country":"mk"},{"region":"Rostusa","country":"mk"},{"region":"Samokov","country":"mk"},{"region":"Saraj","country":"mk"},{"region":"Sipkovica","country":"mk"},{"region":"Sopiste","country":"mk"},{"region":"Sopotnica","country":"mk"},{"region":"Srbinovo","country":"mk"},{"region":"Star Dojran","country":"mk"},{"region":"Staravina","country":"mk"},{"region":"Staro Nagoricane","country":"mk"},{"region":"Stip","country":"mk"},{"region":"Struga","country":"mk"},{"region":"Strumica","country":"mk"},{"region":"Studenicani","country":"mk"},{"region":"Suto Orizari","country":"mk"},{"region":"Sveti Nikole","country":"mk"},{"region":"Tearce","country":"mk"},{"region":"Tetovo","country":"mk"},{"region":"Topolcani","country":"mk"},{"region":"Valandovo","country":"mk"},{"region":"Vasilevo","country":"mk"},{"region":"Veles","country":"mk"},{"region":"Velesta","country":"mk"},{"region":"Vevcani","country":"mk"},{"region":"Vinica","country":"mk"},{"region":"Vitoliste","country":"mk"},{"region":"Vranestica","country":"mk"},{"region":"Vrapciste","country":"mk"},{"region":"Vratnica","country":"mk"},{"region":"Vrutok","country":"mk"},{"region":"Zajas","country":"mk"},{"region":"Zelenikovo","country":"mk"},{"region":"Zelino","country":"mk"},{"region":"Zitose","country":"mk"},{"region":"Zletovo","country":"mk"},{"region":"Zrnovci","country":"mk"}]