[{"region":"Chin State","country":"mm"},{"region":"Irrawaddy","country":"mm"},{"region":"Kachin State","country":"mm"},{"region":"Karan State","country":"mm"},{"region":"Kayah State","country":"mm"},{"region":"Magwe","country":"mm"},{"region":"Mandalay","country":"mm"},{"region":"Mon State","country":"mm"},{"region":"Pegu","country":"mm"},{"region":"Rakhine State","country":"mm"},{"region":"Sagaing","country":"mm"},{"region":"Shan State","country":"mm"},{"region":"Tenasserim","country":"mm"},{"region":"Yangon","country":"mm"}]