[{"region":"Arhangay","country":"mn"},{"region":"Bayan-Olgiy","country":"mn"},{"region":"Bayanhongor","country":"mn"},{"region":"Bulgan","country":"mn"},{"region":"Darhan-Uul","country":"mn"},{"region":"Dornod","country":"mn"},{"region":"Dornogovi","country":"mn"},{"region":"Dundgovi","country":"mn"},{"region":"Dzavhan","country":"mn"},{"region":"Govi-Altay","country":"mn"},{"region":"Govisumber","country":"mn"},{"region":"Hentiy","country":"mn"},{"region":"Hovd","country":"mn"},{"region":"Hovsgol","country":"mn"},{"region":"Omnogovi","country":"mn"},{"region":"Orhon","country":"mn"},{"region":"Ovorhangay","country":"mn"},{"region":"Selenge","country":"mn"},{"region":"Suhbaatar","country":"mn"},{"region":"Tov","country":"mn"},{"region":"Ulaanbaatar","country":"mn"},{"region":"Uvs","country":"mn"}]