[{"region":"Balaka","country":"mw"},{"region":"Blantyre","country":"mw"},{"region":"Chikwawa","country":"mw"},{"region":"Chiradzulu","country":"mw"},{"region":"Chitipa","country":"mw"},{"region":"Dedza","country":"mw"},{"region":"Dowa","country":"mw"},{"region":"Karonga","country":"mw"},{"region":"Kasungu","country":"mw"},{"region":"Lilongwe","country":"mw"},{"region":"Machinga","country":"mw"},{"region":"Mangochi","country":"mw"},{"region":"Mchinji","country":"mw"},{"region":"Mulanje","country":"mw"},{"region":"Mwanza","country":"mw"},{"region":"Mzimba","country":"mw"},{"region":"Nkhata Bay","country":"mw"},{"region":"Nkhotakota","country":"mw"},{"region":"Nsanje","country":"mw"},{"region":"Ntcheu","country":"mw"},{"region":"Ntchisi","country":"mw"},{"region":"Phalombe","country":"mw"},{"region":"Rumphi","country":"mw"},{"region":"Salima","country":"mw"},{"region":"Thyolo","country":"mw"},{"region":"Zomba","country":"mw"}]