[{"region":"Aguascalientes","country":"mx"},{"region":"Baja California","country":"mx"},{"region":"Baja California Sur","country":"mx"},{"region":"Campeche","country":"mx"},{"region":"Chiapas","country":"mx"},{"region":"Chihuahua","country":"mx"},{"region":"Coahuila de Zaragoza","country":"mx"},{"region":"Colima","country":"mx"},{"region":"Distrito Federal","country":"mx"},{"region":"Durango","country":"mx"},{"region":"Guanajuato","country":"mx"},{"region":"Guerrero","country":"mx"},{"region":"Hidalgo","country":"mx"},{"region":"Jalisco","country":"mx"},{"region":"Mexico","country":"mx"},{"region":"Michoacan de Ocampo","country":"mx"},{"region":"Morelos","country":"mx"},{"region":"Nayarit","country":"mx"},{"region":"Nuevo Leon","country":"mx"},{"region":"Oaxaca","country":"mx"},{"region":"Puebla","country":"mx"},{"region":"Queretaro de Arteaga","country":"mx"},{"region":"Quintana Roo","country":"mx"},{"region":"San Luis Potosi","country":"mx"},{"region":"Sinaloa","country":"mx"},{"region":"Sonora","country":"mx"},{"region":"Tabasco","country":"mx"},{"region":"Tamaulipas","country":"mx"},{"region":"Tlaxcala","country":"mx"},{"region":"Veracruz-Llave","country":"mx"},{"region":"Yucatan","country":"mx"},{"region":"Zacatecas","country":"mx"}]