[{"region":"Johor","country":"my"},{"region":"Kedah","country":"my"},{"region":"Kelantan","country":"my"},{"region":"Kuala Lumpur","country":"my"},{"region":"Labuan","country":"my"},{"region":"Melaka","country":"my"},{"region":"Negeri Sembilan","country":"my"},{"region":"Pahang","country":"my"},{"region":"Perak","country":"my"},{"region":"Perlis","country":"my"},{"region":"Pulau Pinang","country":"my"},{"region":"Sabah","country":"my"},{"region":"Sarawak","country":"my"},{"region":"Selangor","country":"my"},{"region":"Terengganu","country":"my"}]