[{"region":"Abia","country":"ng"},{"region":"Adamawa","country":"ng"},{"region":"Akwa Ibom","country":"ng"},{"region":"Anambra","country":"ng"},{"region":"Bauchi","country":"ng"},{"region":"Bayelsa","country":"ng"},{"region":"Benue","country":"ng"},{"region":"Borno","country":"ng"},{"region":"Cross River","country":"ng"},{"region":"Delta","country":"ng"},{"region":"Ebonyi","country":"ng"},{"region":"Edo","country":"ng"},{"region":"Ekiti","country":"ng"},{"region":"Enugu","country":"ng"},{"region":"Federal Capital Territory","country":"ng"},{"region":"Gombe","country":"ng"},{"region":"Imo","country":"ng"},{"region":"Jigawa","country":"ng"},{"region":"Kaduna","country":"ng"},{"region":"Kano","country":"ng"},{"region":"Katsina","country":"ng"},{"region":"Kebbi","country":"ng"},{"region":"Kogi","country":"ng"},{"region":"Kwara","country":"ng"},{"region":"Lagos","country":"ng"},{"region":"Nassarawa","country":"ng"},{"region":"Niger","country":"ng"},{"region":"Ogun","country":"ng"},{"region":"Ondo","country":"ng"},{"region":"Osun","country":"ng"},{"region":"Oyo","country":"ng"},{"region":"Plateau","country":"ng"},{"region":"Rivers","country":"ng"},{"region":"Sokoto","country":"ng"},{"region":"Taraba","country":"ng"},{"region":"Yobe","country":"ng"},{"region":"Zamfara","country":"ng"}]