[{"region":"Autonoma Atlantico Norte","country":"ni"},{"region":"Boaco","country":"ni"},{"region":"Carazo","country":"ni"},{"region":"Chinandega","country":"ni"},{"region":"Chontales","country":"ni"},{"region":"Esteli","country":"ni"},{"region":"Granada","country":"ni"},{"region":"Jinotega","country":"ni"},{"region":"Leon","country":"ni"},{"region":"Madriz","country":"ni"},{"region":"Managua","country":"ni"},{"region":"Masaya","country":"ni"},{"region":"Matagalpa","country":"ni"},{"region":"Nueva Segovia","country":"ni"},{"region":"Region Autonoma Atlantico Sur","country":"ni"},{"region":"Rio San Juan","country":"ni"},{"region":"Rivas","country":"ni"}]