[{"region":"Akershus","country":"no"},{"region":"Aust-Agder","country":"no"},{"region":"Buskerud","country":"no"},{"region":"Finnmark","country":"no"},{"region":"Hedmark","country":"no"},{"region":"Hordaland","country":"no"},{"region":"More og Romsdal","country":"no"},{"region":"Nord-Trondelag","country":"no"},{"region":"Nordland","country":"no"},{"region":"Oppland","country":"no"},{"region":"Oslo","country":"no"},{"region":"Ostfold","country":"no"},{"region":"Rogaland","country":"no"},{"region":"Sogn og Fjordane","country":"no"},{"region":"Sor-Trondelag","country":"no"},{"region":"Telemark","country":"no"},{"region":"Troms","country":"no"},{"region":"Vest-Agder","country":"no"},{"region":"Vestfold","country":"no"}]