[{"region":"Auckland","country":"nz"},{"region":"Bay of Plenty","country":"nz"},{"region":"Canterbury","country":"nz"},{"region":"Gisborne","country":"nz"},{"region":"Hawke\u0027s Bay","country":"nz"},{"region":"Manawatu-Wanganui","country":"nz"},{"region":"Marlborough","country":"nz"},{"region":"Nelson","country":"nz"},{"region":"Otago","country":"nz"},{"region":"Southland","country":"nz"},{"region":"Taranaki","country":"nz"},{"region":"Waikato","country":"nz"},{"region":"Wellington","country":"nz"},{"region":"West Coast","country":"nz"}]