[{"region":"Amazonas","country":"pe"},{"region":"Ancash","country":"pe"},{"region":"Apurimac","country":"pe"},{"region":"Arequipa","country":"pe"},{"region":"Ayacucho","country":"pe"},{"region":"Cajamarca","country":"pe"},{"region":"Callao","country":"pe"},{"region":"Cusco","country":"pe"},{"region":"Huancavelica","country":"pe"},{"region":"Huanuco","country":"pe"},{"region":"Ica","country":"pe"},{"region":"Junin","country":"pe"},{"region":"La Libertad","country":"pe"},{"region":"Lambayeque","country":"pe"},{"region":"Lima","country":"pe"},{"region":"Loreto","country":"pe"},{"region":"Madre de Dios","country":"pe"},{"region":"Moquegua","country":"pe"},{"region":"Pasco","country":"pe"},{"region":"Piura","country":"pe"},{"region":"Puno","country":"pe"},{"region":"San Martin","country":"pe"},{"region":"Tacna","country":"pe"},{"region":"Tumbes","country":"pe"},{"region":"Ucayali","country":"pe"}]