[{"region":"Central","country":"pg"},{"region":"Chimbu","country":"pg"},{"region":"East New Britain","country":"pg"},{"region":"East Sepik","country":"pg"},{"region":"Eastern Highlands","country":"pg"},{"region":"Enga","country":"pg"},{"region":"Gulf","country":"pg"},{"region":"Madang","country":"pg"},{"region":"Manus","country":"pg"},{"region":"Milne Bay","country":"pg"},{"region":"Morobe","country":"pg"},{"region":"National Capital","country":"pg"},{"region":"New Ireland","country":"pg"},{"region":"North Solomons","country":"pg"},{"region":"Northern","country":"pg"},{"region":"Sandaun","country":"pg"},{"region":"Southern Highlands","country":"pg"},{"region":"West New Britain","country":"pg"},{"region":"Western","country":"pg"},{"region":"Western Highlands","country":"pg"}]