[{"region":"Abra","country":"ph"},{"region":"Agusan del Norte","country":"ph"},{"region":"Agusan del Sur","country":"ph"},{"region":"Aklan","country":"ph"},{"region":"Albay","country":"ph"},{"region":"Angeles","country":"ph"},{"region":"Antique","country":"ph"},{"region":"Aurora","country":"ph"},{"region":"Bacolod","country":"ph"},{"region":"Bago","country":"ph"},{"region":"Baguio","country":"ph"},{"region":"Basilan","country":"ph"},{"region":"Bataan","country":"ph"},{"region":"Batanes","country":"ph"},{"region":"Batangas","country":"ph"},{"region":"Batangas City","country":"ph"},{"region":"Benguet","country":"ph"},{"region":"Bohol","country":"ph"},{"region":"Bukidnon","country":"ph"},{"region":"Bulacan","country":"ph"},{"region":"Butuan","country":"ph"},{"region":"Cabanatuan","country":"ph"},{"region":"Cadiz","country":"ph"},{"region":"Cagayan","country":"ph"},{"region":"Cagayan de Oro","country":"ph"},{"region":"Calbayog","country":"ph"},{"region":"Caloocan","country":"ph"},{"region":"Camarines Norte","country":"ph"},{"region":"Camarines Sur","country":"ph"},{"region":"Camiguin","country":"ph"},{"region":"Canlaon","country":"ph"},{"region":"Capiz","country":"ph"},{"region":"Catanduanes","country":"ph"},{"region":"Cavite","country":"ph"},{"region":"Cavite City","country":"ph"},{"region":"Cebu","country":"ph"},{"region":"Cebu City","country":"ph"},{"region":"Cotabato","country":"ph"},{"region":"Dagupan","country":"ph"},{"region":"Danao","country":"ph"},{"region":"Dapitan","country":"ph"},{"region":"Davao","country":"ph"},{"region":"Davao City","country":"ph"},{"region":"Davao del Sur","country":"ph"},{"region":"Davao Oriental","country":"ph"},{"region":"Dipolog","country":"ph"},{"region":"Dumaguete","country":"ph"},{"region":"Eastern Samar","country":"ph"},{"region":"General Santos","country":"ph"},{"region":"Gingoog","country":"ph"},{"region":"Ifugao","country":"ph"},{"region":"Iligan","country":"ph"},{"region":"Ilocos Norte","country":"ph"},{"region":"Ilocos Sur","country":"ph"},{"region":"Iloilo","country":"ph"},{"region":"Iloilo City","country":"ph"},{"region":"Iriga","country":"ph"},{"region":"Isabela","country":"ph"},{"region":"Kalinga-Apayao","country":"ph"},{"region":"La Carlota","country":"ph"},{"region":"La Union","country":"ph"},{"region":"Laguna","country":"ph"},{"region":"Lanao del Norte","country":"ph"},{"region":"Lanao del Sur","country":"ph"},{"region":"Laoag","country":"ph"},{"region":"Lapu-Lapu","country":"ph"},{"region":"Legaspi","country":"ph"},{"region":"Leyte","country":"ph"},{"region":"Lipa","country":"ph"},{"region":"Lucena","country":"ph"},{"region":"Maguindanao","country":"ph"},{"region":"Malaybalay","country":"ph"},{"region":"Mandaue","country":"ph"},{"region":"Manila","country":"ph"},{"region":"Marawi","country":"ph"},{"region":"Marinduque","country":"ph"},{"region":"Masbate","country":"ph"},{"region":"Mindoro Occidental","country":"ph"},{"region":"Mindoro Oriental","country":"ph"},{"region":"Misamis Occidental","country":"ph"},{"region":"Misamis Oriental","country":"ph"},{"region":"Mountain","country":"ph"},{"region":"Naga","country":"ph"},{"region":"Negros Occidental","country":"ph"},{"region":"Negros Oriental","country":"ph"},{"region":"North Cotabato","country":"ph"},{"region":"Northern Samar","country":"ph"},{"region":"Nueva Ecija","country":"ph"},{"region":"Nueva Vizcaya","country":"ph"},{"region":"Olongapo","country":"ph"},{"region":"Ormoc","country":"ph"},{"region":"Oroquieta","country":"ph"},{"region":"Ozamis","country":"ph"},{"region":"Pagadian","country":"ph"},{"region":"Palawan","country":"ph"},{"region":"Palayan","country":"ph"},{"region":"Pampanga","country":"ph"},{"region":"Pangasinan","country":"ph"},{"region":"Paranaque","country":"ph"},{"region":"Pasay","country":"ph"},{"region":"Puerto Princesa","country":"ph"},{"region":"Quezon","country":"ph"},{"region":"Quezon City","country":"ph"},{"region":"Quirino","country":"ph"},{"region":"Rizal","country":"ph"},{"region":"Romblon","country":"ph"},{"region":"Roxas","country":"ph"},{"region":"Samar","country":"ph"},{"region":"San Carlos","country":"ph"},{"region":"San Juan","country":"ph"},{"region":"San Pablo","country":"ph"},{"region":"Silay","country":"ph"},{"region":"Siquijor","country":"ph"},{"region":"Sorsogon","country":"ph"},{"region":"South Cotabato","country":"ph"},{"region":"Southern Leyte","country":"ph"},{"region":"Sultan Kudarat","country":"ph"},{"region":"Sulu","country":"ph"},{"region":"Surigao","country":"ph"},{"region":"Surigao del Norte","country":"ph"},{"region":"Surigao del Sur","country":"ph"},{"region":"Tacloban","country":"ph"},{"region":"Tagaytay","country":"ph"},{"region":"Tagbilaran","country":"ph"},{"region":"Tangub","country":"ph"},{"region":"Tarlac","country":"ph"},{"region":"Tawitawi","country":"ph"},{"region":"Toledo","country":"ph"},{"region":"Trece Martires","country":"ph"},{"region":"Zambales","country":"ph"},{"region":"Zamboanga","country":"ph"},{"region":"Zamboanga del Norte","country":"ph"},{"region":"Zamboanga del Sur","country":"ph"}]