[{"region":"Dolnoslaskie","country":"pl"},{"region":"Kujawsko-Pomorskie","country":"pl"},{"region":"Lodzkie","country":"pl"},{"region":"Lubelskie","country":"pl"},{"region":"Lubuskie","country":"pl"},{"region":"Malopolskie","country":"pl"},{"region":"Mazowieckie","country":"pl"},{"region":"Opolskie","country":"pl"},{"region":"Podkarpackie","country":"pl"},{"region":"Podlaskie","country":"pl"},{"region":"Pomorskie","country":"pl"},{"region":"Slaskie","country":"pl"},{"region":"Swietokrzyskie","country":"pl"},{"region":"Warminsko-Mazurskie","country":"pl"},{"region":"Wielkopolskie","country":"pl"},{"region":"Zachodniopomorskie","country":"pl"}]