[{"region":"Aveiro","country":"pt"},{"region":"Azores","country":"pt"},{"region":"Beja","country":"pt"},{"region":"Braga","country":"pt"},{"region":"Braganca","country":"pt"},{"region":"Castelo Branco","country":"pt"},{"region":"Coimbra","country":"pt"},{"region":"Evora","country":"pt"},{"region":"Faro","country":"pt"},{"region":"Guarda","country":"pt"},{"region":"Leiria","country":"pt"},{"region":"Lisboa","country":"pt"},{"region":"Madeira","country":"pt"},{"region":"Portalegre","country":"pt"},{"region":"Porto","country":"pt"},{"region":"Santarem","country":"pt"},{"region":"Setubal","country":"pt"},{"region":"Viana do Castelo","country":"pt"},{"region":"Vila Real","country":"pt"},{"region":"Viseu","country":"pt"}]