[{"region":"Alto Paraguay","country":"py"},{"region":"Alto Parana","country":"py"},{"region":"Amambay","country":"py"},{"region":"Boqueron","country":"py"},{"region":"Caaguazu","country":"py"},{"region":"Caazapa","country":"py"},{"region":"Canindeyu","country":"py"},{"region":"Central","country":"py"},{"region":"Concepcion","country":"py"},{"region":"Cordillera","country":"py"},{"region":"Guaira","country":"py"},{"region":"Itapua","country":"py"},{"region":"Misiones","country":"py"},{"region":"Neembucu","country":"py"},{"region":"Paraguari","country":"py"},{"region":"Presidente Hayes","country":"py"},{"region":"San Pedro","country":"py"}]