[{"region":"Alba","country":"ro"},{"region":"Arad","country":"ro"},{"region":"Arges","country":"ro"},{"region":"Bacau","country":"ro"},{"region":"Bihor","country":"ro"},{"region":"Bistrita-Nasaud","country":"ro"},{"region":"Botosani","country":"ro"},{"region":"Braila","country":"ro"},{"region":"Brasov","country":"ro"},{"region":"Bucuresti","country":"ro"},{"region":"Buzau","country":"ro"},{"region":"Calarasi","country":"ro"},{"region":"Caras-Severin","country":"ro"},{"region":"Cluj","country":"ro"},{"region":"Constanta","country":"ro"},{"region":"Covasna","country":"ro"},{"region":"Dambovita","country":"ro"},{"region":"Dolj","country":"ro"},{"region":"Galati","country":"ro"},{"region":"Giurgiu","country":"ro"},{"region":"Gorj","country":"ro"},{"region":"Harghita","country":"ro"},{"region":"Hunedoara","country":"ro"},{"region":"Ialomita","country":"ro"},{"region":"Iasi","country":"ro"},{"region":"Ilfov","country":"ro"},{"region":"Maramures","country":"ro"},{"region":"Mehedinti","country":"ro"},{"region":"Mures","country":"ro"},{"region":"Neamt","country":"ro"},{"region":"Olt","country":"ro"},{"region":"Prahova","country":"ro"},{"region":"Salaj","country":"ro"},{"region":"Satu Mare","country":"ro"},{"region":"Sibiu","country":"ro"},{"region":"Suceava","country":"ro"},{"region":"Teleorman","country":"ro"},{"region":"Timis","country":"ro"},{"region":"Tulcea","country":"ro"},{"region":"Valcea","country":"ro"},{"region":"Vaslui","country":"ro"},{"region":"Vrancea","country":"ro"}]