[{"region":"Adygeya","country":"ru"},{"region":"Aginsky Buryatsky AO","country":"ru"},{"region":"Altaisky krai","country":"ru"},{"region":"Amur","country":"ru"},{"region":"Arkhangel\u0027sk","country":"ru"},{"region":"Astrakhan\u0027","country":"ru"},{"region":"Bashkortostan","country":"ru"},{"region":"Belgorod","country":"ru"},{"region":"Bryansk","country":"ru"},{"region":"Buryat","country":"ru"},{"region":"Chelyabinsk","country":"ru"},{"region":"Chita","country":"ru"},{"region":"Chukot","country":"ru"},{"region":"Chuvashia","country":"ru"},{"region":"Dagestan","country":"ru"},{"region":"Evenk","country":"ru"},{"region":"Gorno-Altay","country":"ru"},{"region":"Irkutsk","country":"ru"},{"region":"Ivanovo","country":"ru"},{"region":"Kabardin-Balkar","country":"ru"},{"region":"Kaliningrad","country":"ru"},{"region":"Kalmyk","country":"ru"},{"region":"Kaluga","country":"ru"},{"region":"Kamchatka","country":"ru"},{"region":"Karachay-Cherkess","country":"ru"},{"region":"Karelia","country":"ru"},{"region":"Kemerovo","country":"ru"},{"region":"Khabarovsk","country":"ru"},{"region":"Khakass","country":"ru"},{"region":"Khanty-Mansiy","country":"ru"},{"region":"Kirov","country":"ru"},{"region":"Komi","country":"ru"},{"region":"Koryak","country":"ru"},{"region":"Kostroma","country":"ru"},{"region":"Krasnodar","country":"ru"},{"region":"Krasnoyarsk","country":"ru"},{"region":"Kurgan","country":"ru"},{"region":"Kursk","country":"ru"},{"region":"Leningrad","country":"ru"},{"region":"Lipetsk","country":"ru"},{"region":"Magadan","country":"ru"},{"region":"Mariy-El","country":"ru"},{"region":"Mordovia","country":"ru"},{"region":"Moscow City","country":"ru"},{"region":"Moskva","country":"ru"},{"region":"Murmansk","country":"ru"},{"region":"Nenets","country":"ru"},{"region":"Nizhegorod","country":"ru"},{"region":"North Ossetia","country":"ru"},{"region":"Novgorod","country":"ru"},{"region":"Novosibirsk","country":"ru"},{"region":"Omsk","country":"ru"},{"region":"Orel","country":"ru"},{"region":"Orenburg","country":"ru"},{"region":"Penza","country":"ru"},{"region":"Perm\u0027","country":"ru"},{"region":"Primor\u0027ye","country":"ru"},{"region":"Pskov","country":"ru"},{"region":"Rostov","country":"ru"},{"region":"Ryazan\u0027","country":"ru"},{"region":"Saint Petersburg City","country":"ru"},{"region":"Sakha","country":"ru"},{"region":"Sakhalin","country":"ru"},{"region":"Samara","country":"ru"},{"region":"Saratov","country":"ru"},{"region":"Smolensk","country":"ru"},{"region":"Stavropol\u0027","country":"ru"},{"region":"Sverdlovsk","country":"ru"},{"region":"Tambovskaya oblast","country":"ru"},{"region":"Tatarstan","country":"ru"},{"region":"Taymyr","country":"ru"},{"region":"Tomsk","country":"ru"},{"region":"Tula","country":"ru"},{"region":"Tuva","country":"ru"},{"region":"Tver\u0027","country":"ru"},{"region":"Tyumen\u0027","country":"ru"},{"region":"Udmurt","country":"ru"},{"region":"Ul\u0027yanovsk","country":"ru"},{"region":"Vladimir","country":"ru"},{"region":"Volgograd","country":"ru"},{"region":"Vologda","country":"ru"},{"region":"Voronezh","country":"ru"},{"region":"Yamal-Nenets","country":"ru"},{"region":"Yaroslavl\u0027","country":"ru"},{"region":"Yevrey","country":"ru"}]