[{"region":"Al Istiwa\u0027iyah","country":"sd"},{"region":"Al Khartum","country":"sd"},{"region":"Al Wahadah State","country":"sd"},{"region":"Al Wusta","country":"sd"},{"region":"Ash Shamaliyah","country":"sd"},{"region":"Ash Sharqiyah","country":"sd"},{"region":"Bahr al Ghazal","country":"sd"},{"region":"Central Equatoria State","country":"sd"},{"region":"Darfur","country":"sd"},{"region":"Kassala","country":"sd"},{"region":"Kurdufan","country":"sd"},{"region":"Northern Darfur","country":"sd"},{"region":"River Nile","country":"sd"},{"region":"Southern Darfur","country":"sd"},{"region":"Southern Kordofan","country":"sd"},{"region":"Upper Nile","country":"sd"}]