[{"region":"Blekinge Lan","country":"se"},{"region":"Dalarnas Lan","country":"se"},{"region":"Gavleborgs Lan","country":"se"},{"region":"Gotlands Lan","country":"se"},{"region":"Hallands Lan","country":"se"},{"region":"Jamtlands Lan","country":"se"},{"region":"Jonkopings Lan","country":"se"},{"region":"Kalmar Lan","country":"se"},{"region":"Kronobergs Lan","country":"se"},{"region":"Norrbottens Lan","country":"se"},{"region":"Orebro Lan","country":"se"},{"region":"Ostergotlands Lan","country":"se"},{"region":"Skane Lan","country":"se"},{"region":"Sodermanlands Lan","country":"se"},{"region":"Stockholms Lan","country":"se"},{"region":"Uppsala Lan","country":"se"},{"region":"Varmlands Lan","country":"se"},{"region":"Vasterbottens Lan","country":"se"},{"region":"Vasternorrlands Lan","country":"se"},{"region":"Vastmanlands Lan","country":"se"},{"region":"Vastra Gotaland","country":"se"}]