[{"region":"Bakool","country":"so"},{"region":"Banaadir","country":"so"},{"region":"Bari","country":"so"},{"region":"Bay","country":"so"},{"region":"Galguduud","country":"so"},{"region":"Gedo","country":"so"},{"region":"Hiiraan","country":"so"},{"region":"Jubbada Dhexe","country":"so"},{"region":"Jubbada Hoose","country":"so"},{"region":"Mudug","country":"so"},{"region":"Nugaal","country":"so"},{"region":"Sanaag","country":"so"},{"region":"Shabeellaha Dhexe","country":"so"},{"region":"Shabeellaha Hoose","country":"so"},{"region":"Woqooyi Galbeed","country":"so"}]