[{"region":"Ahuachapan","country":"sv"},{"region":"Cabanas","country":"sv"},{"region":"Chalatenango","country":"sv"},{"region":"Cuscatlan","country":"sv"},{"region":"La Libertad","country":"sv"},{"region":"La Paz","country":"sv"},{"region":"La Union","country":"sv"},{"region":"Morazan","country":"sv"},{"region":"San Miguel","country":"sv"},{"region":"San Salvador","country":"sv"},{"region":"San Vicente","country":"sv"},{"region":"Santa Ana","country":"sv"},{"region":"Sonsonate","country":"sv"},{"region":"Usulutan","country":"sv"}]