[{"region":"Al Hasakah","country":"sy"},{"region":"Al Ladhiqiyah","country":"sy"},{"region":"Al Qunaytirah","country":"sy"},{"region":"Ar Raqqah","country":"sy"},{"region":"As Suwayda\u0027","country":"sy"},{"region":"Dar","country":"sy"},{"region":"Dayr az Zawr","country":"sy"},{"region":"Dimashq","country":"sy"},{"region":"Halab","country":"sy"},{"region":"Hamah","country":"sy"},{"region":"Hims","country":"sy"},{"region":"Idlib","country":"sy"},{"region":"Rif Dimashq","country":"sy"},{"region":"Tartus","country":"sy"}]