[{"region":"Batha","country":"td"},{"region":"Biltine","country":"td"},{"region":"Borkou-Ennedi-Tibesti","country":"td"},{"region":"Chari-Baguirmi","country":"td"},{"region":"Guera","country":"td"},{"region":"Kanem","country":"td"},{"region":"Lac","country":"td"},{"region":"Logone Occidental","country":"td"},{"region":"Logone Oriental","country":"td"},{"region":"Mayo-Kebbi","country":"td"},{"region":"Moyen-Chari","country":"td"},{"region":"Ouaddai","country":"td"},{"region":"Salamat","country":"td"},{"region":"Tandjile","country":"td"}]