[{"region":"Amnat Charoen","country":"th"},{"region":"Ang Thong","country":"th"},{"region":"Buriram","country":"th"},{"region":"Chachoengsao","country":"th"},{"region":"Chai Nat","country":"th"},{"region":"Chaiyaphum","country":"th"},{"region":"Chanthaburi","country":"th"},{"region":"Chiang Mai","country":"th"},{"region":"Chiang Rai","country":"th"},{"region":"Chon Buri","country":"th"},{"region":"Chumphon","country":"th"},{"region":"Kalasin","country":"th"},{"region":"Kamphaeng Phet","country":"th"},{"region":"Kanchanaburi","country":"th"},{"region":"Khon Kaen","country":"th"},{"region":"Krabi","country":"th"},{"region":"Krung Thep","country":"th"},{"region":"Lampang","country":"th"},{"region":"Lamphun","country":"th"},{"region":"Loei","country":"th"},{"region":"Lop Buri","country":"th"},{"region":"Mae Hong Son","country":"th"},{"region":"Maha Sarakham","country":"th"},{"region":"Mukdahan","country":"th"},{"region":"Nakhon Nayok","country":"th"},{"region":"Nakhon Pathom","country":"th"},{"region":"Nakhon Phanom","country":"th"},{"region":"Nakhon Ratchasima","country":"th"},{"region":"Nakhon Sawan","country":"th"},{"region":"Nakhon Si Thammarat","country":"th"},{"region":"Nan","country":"th"},{"region":"Narathiwat","country":"th"},{"region":"Nong Bua Lamphu","country":"th"},{"region":"Nong Khai","country":"th"},{"region":"Nonthaburi","country":"th"},{"region":"Pathum Thani","country":"th"},{"region":"Pattani","country":"th"},{"region":"Phangnga","country":"th"},{"region":"Phatthalung","country":"th"},{"region":"Phayao","country":"th"},{"region":"Phetchabun","country":"th"},{"region":"Phetchaburi","country":"th"},{"region":"Phichit","country":"th"},{"region":"Phitsanulok","country":"th"},{"region":"Phra Nakhon Si Ayutthaya","country":"th"},{"region":"Phrae","country":"th"},{"region":"Phuket","country":"th"},{"region":"Prachin Buri","country":"th"},{"region":"Prachuap Khiri Khan","country":"th"},{"region":"Ranong","country":"th"},{"region":"Ratchaburi","country":"th"},{"region":"Rayong","country":"th"},{"region":"Roi Et","country":"th"},{"region":"Sa Kaeo","country":"th"},{"region":"Sakon Nakhon","country":"th"},{"region":"Samut Prakan","country":"th"},{"region":"Samut Sakhon","country":"th"},{"region":"Samut Songkhram","country":"th"},{"region":"Saraburi","country":"th"},{"region":"Satun","country":"th"},{"region":"Sing Buri","country":"th"},{"region":"Sisaket","country":"th"},{"region":"Songkhla","country":"th"},{"region":"Sukhothai","country":"th"},{"region":"Suphan Buri","country":"th"},{"region":"Surat Thani","country":"th"},{"region":"Surin","country":"th"},{"region":"Tak","country":"th"},{"region":"Trang","country":"th"},{"region":"Trat","country":"th"},{"region":"Ubon Ratchathani","country":"th"},{"region":"Udon Thani","country":"th"},{"region":"Uthai Thani","country":"th"},{"region":"Uttaradit","country":"th"},{"region":"Yala","country":"th"},{"region":"Yasothon","country":"th"}]