[{"region":"Al Mahdia","country":"tn"},{"region":"Al Munastir","country":"tn"},{"region":"Bajah","country":"tn"},{"region":"Ben Arous","country":"tn"},{"region":"Bizerte","country":"tn"},{"region":"El Kef","country":"tn"},{"region":"Gabes","country":"tn"},{"region":"Jendouba","country":"tn"},{"region":"Kairouan","country":"tn"},{"region":"Kasserine","country":"tn"},{"region":"Kebili","country":"tn"},{"region":"Madanin","country":"tn"},{"region":"Nabeul","country":"tn"},{"region":"Sfax","country":"tn"},{"region":"Sidi Bou Zid","country":"tn"},{"region":"Siliana","country":"tn"},{"region":"Sousse","country":"tn"},{"region":"Tataouine","country":"tn"},{"region":"Tozeur","country":"tn"},{"region":"Tunis","country":"tn"},{"region":"Zaghouan","country":"tn"}]