[{"region":"Adana","country":"tr"},{"region":"Adiyaman","country":"tr"},{"region":"Afyonkarahisar","country":"tr"},{"region":"Agri","country":"tr"},{"region":"Amasya","country":"tr"},{"region":"Ankara","country":"tr"},{"region":"Antalya","country":"tr"},{"region":"Ardahan","country":"tr"},{"region":"Artvin","country":"tr"},{"region":"Aydin","country":"tr"},{"region":"Balikesir","country":"tr"},{"region":"Batman","country":"tr"},{"region":"Bilecik","country":"tr"},{"region":"Bingol","country":"tr"},{"region":"Bitlis","country":"tr"},{"region":"Bolu","country":"tr"},{"region":"Burdur","country":"tr"},{"region":"Bursa","country":"tr"},{"region":"Canakkale","country":"tr"},{"region":"Corum","country":"tr"},{"region":"Denizli","country":"tr"},{"region":"Diyarbakir","country":"tr"},{"region":"Edirne","country":"tr"},{"region":"Elazig","country":"tr"},{"region":"Erzincan","country":"tr"},{"region":"Erzurum","country":"tr"},{"region":"Eskisehir","country":"tr"},{"region":"Gaziantep","country":"tr"},{"region":"Giresun","country":"tr"},{"region":"Gumushane","country":"tr"},{"region":"Hakkari","country":"tr"},{"region":"Hatay","country":"tr"},{"region":"Igdir","country":"tr"},{"region":"Isparta","country":"tr"},{"region":"Istanbul","country":"tr"},{"region":"Izmir","country":"tr"},{"region":"Kahramanmaras","country":"tr"},{"region":"Karaman","country":"tr"},{"region":"Kars","country":"tr"},{"region":"Kastamonu","country":"tr"},{"region":"Kayseri","country":"tr"},{"region":"Kilis","country":"tr"},{"region":"Kirklareli","country":"tr"},{"region":"Kirsehir","country":"tr"},{"region":"Kocaeli","country":"tr"},{"region":"Konya","country":"tr"},{"region":"Kutahya","country":"tr"},{"region":"Malatya","country":"tr"},{"region":"Manisa","country":"tr"},{"region":"Mardin","country":"tr"},{"region":"Mersin","country":"tr"},{"region":"Mugla","country":"tr"},{"region":"Mus","country":"tr"},{"region":"Nevsehir","country":"tr"},{"region":"Nigde","country":"tr"},{"region":"Ordu","country":"tr"},{"region":"Osmaniye","country":"tr"},{"region":"Rize","country":"tr"},{"region":"Sakarya","country":"tr"},{"region":"Samsun","country":"tr"},{"region":"Sanliurfa","country":"tr"},{"region":"Siirt","country":"tr"},{"region":"Sinop","country":"tr"},{"region":"Sirnak","country":"tr"},{"region":"Sivas","country":"tr"},{"region":"Tekirdag","country":"tr"},{"region":"Tokat","country":"tr"},{"region":"Trabzon","country":"tr"},{"region":"Tunceli","country":"tr"},{"region":"Usak","country":"tr"},{"region":"Van","country":"tr"},{"region":"Yalova","country":"tr"},{"region":"Yozgat","country":"tr"}]