[{"region":"Arusha","country":"tz"},{"region":"Dar es Salaam","country":"tz"},{"region":"Dodoma","country":"tz"},{"region":"Iringa","country":"tz"},{"region":"Kagera","country":"tz"},{"region":"Kigoma","country":"tz"},{"region":"Kilimanjaro","country":"tz"},{"region":"Lindi","country":"tz"},{"region":"Manyara","country":"tz"},{"region":"Mara","country":"tz"},{"region":"Mbeya","country":"tz"},{"region":"Morogoro","country":"tz"},{"region":"Mtwara","country":"tz"},{"region":"Mwanza","country":"tz"},{"region":"Pemba North","country":"tz"},{"region":"Pemba South","country":"tz"},{"region":"Pwani","country":"tz"},{"region":"Rukwa","country":"tz"},{"region":"Ruvuma","country":"tz"},{"region":"Shinyanga","country":"tz"},{"region":"Singida","country":"tz"},{"region":"Tabora","country":"tz"},{"region":"Tanga","country":"tz"},{"region":"Zanzibar Central","country":"tz"},{"region":"Zanzibar North","country":"tz"},{"region":"Zanzibar Urban","country":"tz"}]