[{"region":"Cherkas\u0027ka Oblast\u0027","country":"ua"},{"region":"Chernihivs\u0027ka Oblast\u0027","country":"ua"},{"region":"Chernivets\u0027ka Oblast\u0027","country":"ua"},{"region":"Dnipropetrovs\u0027ka Oblast\u0027","country":"ua"},{"region":"Donets\u0027ka Oblast\u0027","country":"ua"},{"region":"Ivano-Frankivs\u0027ka Oblast\u0027","country":"ua"},{"region":"Kharkivs\u0027ka Oblast\u0027","country":"ua"},{"region":"Khersons\u0027ka Oblast\u0027","country":"ua"},{"region":"Khmel\u0027nyts\u0027ka Oblast\u0027","country":"ua"},{"region":"Kirovohrads\u0027ka Oblast\u0027","country":"ua"},{"region":"Krym","country":"ua"},{"region":"Kyyivs\u0027ka Oblast\u0027","country":"ua"},{"region":"L\u0027vivs\u0027ka Oblast\u0027","country":"ua"},{"region":"Luhans\u0027ka Oblast\u0027","country":"ua"},{"region":"Mykolayivs\u0027ka Oblast\u0027","country":"ua"},{"region":"Odes\u0027ka Oblast\u0027","country":"ua"},{"region":"Poltavs\u0027ka Oblast\u0027","country":"ua"},{"region":"Rivnens\u0027ka Oblast\u0027","country":"ua"},{"region":"Sevastopol\u0027","country":"ua"},{"region":"Sums\u0027ka Oblast\u0027","country":"ua"},{"region":"Ternopil\u0027s\u0027ka Oblast\u0027","country":"ua"},{"region":"Vinnyts\u0027ka Oblast\u0027","country":"ua"},{"region":"Volyns\u0027ka Oblast\u0027","country":"ua"},{"region":"Zakarpats\u0027ka Oblast\u0027","country":"ua"},{"region":"Zaporiz\u0027ka Oblast\u0027","country":"ua"},{"region":"Zhytomyrs\u0027ka Oblast\u0027","country":"ua"}]