[{"region":"Adjumani","country":"ug"},{"region":"Apac","country":"ug"},{"region":"Arua","country":"ug"},{"region":"Bugiri","country":"ug"},{"region":"Bundibugyo","country":"ug"},{"region":"Bushenyi","country":"ug"},{"region":"Busia","country":"ug"},{"region":"Gulu","country":"ug"},{"region":"Hoima","country":"ug"},{"region":"Iganga","country":"ug"},{"region":"Jinja","country":"ug"},{"region":"Kabarole","country":"ug"},{"region":"Kaberamaido","country":"ug"},{"region":"Kalangala","country":"ug"},{"region":"Kampala","country":"ug"},{"region":"Kamuli","country":"ug"},{"region":"Kamwenge","country":"ug"},{"region":"Kanungu","country":"ug"},{"region":"Kapchorwa","country":"ug"},{"region":"Kasese","country":"ug"},{"region":"Katakwi","country":"ug"},{"region":"Kayunga","country":"ug"},{"region":"Kibale","country":"ug"},{"region":"Kiboga","country":"ug"},{"region":"Kisoro","country":"ug"},{"region":"Kitgum","country":"ug"},{"region":"Kotido","country":"ug"},{"region":"Kumi","country":"ug"},{"region":"Kyenjojo","country":"ug"},{"region":"Lira","country":"ug"},{"region":"Luwero","country":"ug"},{"region":"Masaka","country":"ug"},{"region":"Masindi","country":"ug"},{"region":"Mayuge","country":"ug"},{"region":"Mbale","country":"ug"},{"region":"Mbarara","country":"ug"},{"region":"Moroto","country":"ug"},{"region":"Moyo","country":"ug"},{"region":"Mpigi","country":"ug"},{"region":"Mubende","country":"ug"},{"region":"Mukono","country":"ug"},{"region":"Nakapiripirit","country":"ug"},{"region":"Nakasongola","country":"ug"},{"region":"Nebbi","country":"ug"},{"region":"Ntungamo","country":"ug"},{"region":"Pader","country":"ug"},{"region":"Pallisa","country":"ug"},{"region":"Rakai","country":"ug"},{"region":"Rukungiri","country":"ug"},{"region":"Sembabule","country":"ug"},{"region":"Sironko","country":"ug"},{"region":"Soroti","country":"ug"},{"region":"Tororo","country":"ug"},{"region":"Wakiso","country":"ug"},{"region":"Yumbe","country":"ug"}]