[{"region":"Alabama","country":"us"},{"region":"Alaska","country":"us"},{"region":"American Samoa","country":"us"},{"region":"Arizona","country":"us"},{"region":"Arkansas","country":"us"},{"region":"California","country":"us"},{"region":"Colorado","country":"us"},{"region":"Connecticut","country":"us"},{"region":"Delaware","country":"us"},{"region":"District of Columbia","country":"us"},{"region":"Federated States of Micronesia","country":"us"},{"region":"Florida","country":"us"},{"region":"Georgia","country":"us"},{"region":"Guam","country":"us"},{"region":"Hawaii","country":"us"},{"region":"Idaho","country":"us"},{"region":"Illinois","country":"us"},{"region":"Indiana","country":"us"},{"region":"Iowa","country":"us"},{"region":"Kansas","country":"us"},{"region":"Kentucky","country":"us"},{"region":"Louisiana","country":"us"},{"region":"Maine","country":"us"},{"region":"Marshall Islands","country":"us"},{"region":"Maryland","country":"us"},{"region":"Massachusetts","country":"us"},{"region":"Michigan","country":"us"},{"region":"Minnesota","country":"us"},{"region":"Mississippi","country":"us"},{"region":"Missouri","country":"us"},{"region":"Montana","country":"us"},{"region":"Nebraska","country":"us"},{"region":"Nevada","country":"us"},{"region":"New Hampshire","country":"us"},{"region":"New Jersey","country":"us"},{"region":"New Mexico","country":"us"},{"region":"New York","country":"us"},{"region":"North Carolina","country":"us"},{"region":"North Dakota","country":"us"},{"region":"Northern Mariana Islands","country":"us"},{"region":"Ohio","country":"us"},{"region":"Oklahoma","country":"us"},{"region":"Oregon","country":"us"},{"region":"Palau","country":"us"},{"region":"Pennsylvania","country":"us"},{"region":"Puerto Rico","country":"us"},{"region":"Rhode Island","country":"us"},{"region":"South Carolina","country":"us"},{"region":"South Dakota","country":"us"},{"region":"Tennessee","country":"us"},{"region":"Texas","country":"us"},{"region":"Utah","country":"us"},{"region":"Vermont","country":"us"},{"region":"Virgin Islands","country":"us"},{"region":"Virginia","country":"us"},{"region":"Washington","country":"us"},{"region":"West Virginia","country":"us"},{"region":"Wisconsin","country":"us"},{"region":"Wyoming","country":"us"}]