[{"region":"Artigas","country":"uy"},{"region":"Canelones","country":"uy"},{"region":"Cerro Largo","country":"uy"},{"region":"Colonia","country":"uy"},{"region":"Durazno","country":"uy"},{"region":"Flores","country":"uy"},{"region":"Florida","country":"uy"},{"region":"Lavalleja","country":"uy"},{"region":"Maldonado","country":"uy"},{"region":"Montevideo","country":"uy"},{"region":"Paysandu","country":"uy"},{"region":"Rio Negro","country":"uy"},{"region":"Rivera","country":"uy"},{"region":"Rocha","country":"uy"},{"region":"Salto","country":"uy"},{"region":"San Jose","country":"uy"},{"region":"Soriano","country":"uy"},{"region":"Tacuarembo","country":"uy"},{"region":"Treinta y Tres","country":"uy"}]