[{"region":"Amazonas","country":"ve"},{"region":"Anzoategui","country":"ve"},{"region":"Apure","country":"ve"},{"region":"Aragua","country":"ve"},{"region":"Barinas","country":"ve"},{"region":"Bolivar","country":"ve"},{"region":"Carabobo","country":"ve"},{"region":"Cojedes","country":"ve"},{"region":"Delta Amacuro","country":"ve"},{"region":"Dependencias Federales","country":"ve"},{"region":"Distrito Federal","country":"ve"},{"region":"Falcon","country":"ve"},{"region":"Guarico","country":"ve"},{"region":"Lara","country":"ve"},{"region":"Merida","country":"ve"},{"region":"Miranda","country":"ve"},{"region":"Monagas","country":"ve"},{"region":"Nueva Esparta","country":"ve"},{"region":"Portuguesa","country":"ve"},{"region":"Sucre","country":"ve"},{"region":"Tachira","country":"ve"},{"region":"Trujillo","country":"ve"},{"region":"Vargas","country":"ve"},{"region":"Yaracuy","country":"ve"},{"region":"Zulia","country":"ve"}]