[{"region":"An Giang","country":"vn"},{"region":"Ba Ria-Vung Tau","country":"vn"},{"region":"Bac Giang","country":"vn"},{"region":"Bac Kan","country":"vn"},{"region":"Bac Lieu","country":"vn"},{"region":"Bac Ninh","country":"vn"},{"region":"Ben Tre","country":"vn"},{"region":"Binh Dinh","country":"vn"},{"region":"Binh Duong","country":"vn"},{"region":"Binh Phuoc","country":"vn"},{"region":"Binh Thuan","country":"vn"},{"region":"Ca Mau","country":"vn"},{"region":"Cao Bang","country":"vn"},{"region":"Da Nang","country":"vn"},{"region":"Dong Nai","country":"vn"},{"region":"Dong Thap","country":"vn"},{"region":"Gia Lai","country":"vn"},{"region":"Ha Giang","country":"vn"},{"region":"Ha Nam","country":"vn"},{"region":"Ha Noi","country":"vn"},{"region":"Ha Tinh","country":"vn"},{"region":"Hai Duong","country":"vn"},{"region":"Hai Phong","country":"vn"},{"region":"Ho Chi Minh","country":"vn"},{"region":"Hoa Binh","country":"vn"},{"region":"Hung Yen","country":"vn"},{"region":"Khanh Hoa","country":"vn"},{"region":"Kien Giang","country":"vn"},{"region":"Kon Tum","country":"vn"},{"region":"Lam Dong","country":"vn"},{"region":"Lang Son","country":"vn"},{"region":"Long An","country":"vn"},{"region":"Nam Dinh","country":"vn"},{"region":"Nghe An","country":"vn"},{"region":"Ninh Binh","country":"vn"},{"region":"Ninh Thuan","country":"vn"},{"region":"Phu Tho","country":"vn"},{"region":"Phu Yen","country":"vn"},{"region":"Quang Binh","country":"vn"},{"region":"Quang Nam","country":"vn"},{"region":"Quang Ngai","country":"vn"},{"region":"Quang Ninh","country":"vn"},{"region":"Quang Tri","country":"vn"},{"region":"Soc Trang","country":"vn"},{"region":"Son La","country":"vn"},{"region":"Tay Ninh","country":"vn"},{"region":"Thai Binh","country":"vn"},{"region":"Thai Nguyen","country":"vn"},{"region":"Thanh Hoa","country":"vn"},{"region":"Thua Thien-Hue","country":"vn"},{"region":"Tien Giang","country":"vn"},{"region":"Tra Vinh","country":"vn"},{"region":"Tuyen Quang","country":"vn"},{"region":"Vinh Long","country":"vn"},{"region":"Vinh Phuc","country":"vn"},{"region":"Yen Bai","country":"vn"}]