[{"region":"Abyan","country":"ye"},{"region":"Adan","country":"ye"},{"region":"Al Bayda\u0027","country":"ye"},{"region":"Al Hudaydah","country":"ye"},{"region":"Al Jawf","country":"ye"},{"region":"Al Mahrah","country":"ye"},{"region":"Al Mahwit","country":"ye"},{"region":"Dhamar","country":"ye"},{"region":"Hadramawt","country":"ye"},{"region":"Hajjah","country":"ye"},{"region":"Ibb","country":"ye"},{"region":"Lahij","country":"ye"},{"region":"Ma\u0027rib","country":"ye"},{"region":"Sa\u0027dah","country":"ye"},{"region":"San\u0027a\u0027","country":"ye"},{"region":"Taizz","country":"ye"}]