{
  "project_info": {
    "project_number": "492113857112",
    "firebase_url": "https://sss-app-3b006.firebaseio.com",
    "project_id": "sss-app-3b006",
    "storage_bucket": "sss-app-3b006.appspot.com"
  },
  "client": [
    {
      "client_info": {
        "mobilesdk_app_id": "1:492113857112:android:c81315ea164c7f46",
        "android_client_info": {
          "package_name": "com.sssports.sssports"
        }
      },
      "oauth_client": [
        {
          "client_id": "492113857112-ln5pcfk188g73j2gt3ti2c9i1ue42d4m.apps.googleusercontent.com",
          "client_type": 1,
          "android_info": {
            "package_name": "com.sssports.sssports",
            "certificate_hash": "75b10cacfaa87044934b97bee0e65cac6a539496"
          }
        },
        {
          "client_id": "492113857112-8i556u52pint9304kv6ms5qgj53hqplq.apps.googleusercontent.com",
          "client_type": 3
        }
      ],
      "api_key": [
        {
          "current_key": "AIzaSyD9yu7piOOuAR9wFC3FBXZR6-T_hMQ2CG0"
        }
      ],
      "services": {
        "analytics_service": {
          "status": 1
        },
        "appinvite_service": {
          "status": 2,
          "other_platform_oauth_client": [
            {
              "client_id": "492113857112-8i556u52pint9304kv6ms5qgj53hqplq.apps.googleusercontent.com",
              "client_type": 3
            }
          ]
        },
        "ads_service": {
          "status": 2
        }
      }
    }
  ],
  "configuration_version": "1"
}